--
-- File generated with SQLiteStudio v3.4.4 on Sat Aug 26 05:01:24 2023
--
-- Text encoding used: UTF-8
--
PRAGMA foreign_keys = off;
BEGIN TRANSACTION;

-- Table: ability_scores
CREATE TABLE IF NOT EXISTS ability_scores (
    id        INTEGER NOT NULL
                      PRIMARY KEY AUTOINCREMENT,
    indx      TEXT    NOT NULL,
    name      TEXT    NOT NULL,
    full_name TEXT    NOT NULL,
    desc      JSON    NOT NULL
);

INSERT INTO ability_scores (id, indx, name, full_name, desc) VALUES (1, 'str', 'STR', 'Strength', X'5B22537472656E677468206D6561737572657320626F64696C7920706F7765722C206174686C6574696320747261696E696E672C20616E642074686520657874656E7420746F20776869636820796F752063616E2065786572742072617720706879736963616C20666F7263652E222C224120537472656E67746820636865636B2063616E206D6F64656C20616E7920617474656D707420746F206C6966742C20707573682C2070756C6C2C206F7220627265616B20736F6D657468696E672C20746F20666F72636520796F757220626F6479207468726F75676820612073706163652C206F7220746F206F7468657277697365206170706C7920627275746520666F72636520746F206120736974756174696F6E2E20546865204174686C657469637320736B696C6C207265666C6563747320617074697475646520696E206365727461696E206B696E6473206F6620537472656E67746820636865636B732E225D');
INSERT INTO ability_scores (id, indx, name, full_name, desc) VALUES (2, 'dex', 'DEX', 'Dexterity', X'5B22446578746572697479206D65617375726573206167696C6974792C207265666C657865732C20616E642062616C616E63652E222C22412044657874657269747920636865636B2063616E206D6F64656C20616E7920617474656D707420746F206D6F7665206E696D626C792C20717569636B6C792C206F722071756965746C792C206F7220746F206B6565702066726F6D2066616C6C696E67206F6E20747269636B7920666F6F74696E672E20546865204163726F6261746963732C20536C6569676874206F662048616E642C20616E6420537465616C746820736B696C6C73207265666C65637420617074697475646520696E206365727461696E206B696E6473206F662044657874657269747920636865636B732E225D');
INSERT INTO ability_scores (id, indx, name, full_name, desc) VALUES (3, 'con', 'CON', 'Constitution', X'5B22436F6E737469747574696F6E206D65617375726573206865616C74682C207374616D696E612C20616E6420766974616C20666F7263652E222C22436F6E737469747574696F6E20636865636B732061726520756E636F6D6D6F6E2C20616E64206E6F20736B696C6C73206170706C7920746F20436F6E737469747574696F6E20636865636B732C20626563617573652074686520656E647572616E63652074686973206162696C69747920726570726573656E7473206973206C617267656C79207061737369766520726174686572207468616E20696E766F6C76696E672061207370656369666963206566666F7274206F6E207468652070617274206F66206120636861726163746572206F72206D6F6E737465722E225D');
INSERT INTO ability_scores (id, indx, name, full_name, desc) VALUES (4, 'int', 'INT', 'Intelligence', X'5B22496E74656C6C6967656E6365206D65617375726573206D656E74616C206163756974792C206163637572616379206F6620726563616C6C2C20616E6420746865206162696C69747920746F20726561736F6E2E222C22416E20496E74656C6C6967656E636520636865636B20636F6D657320696E746F20706C6179207768656E20796F75206E65656420746F2064726177206F6E206C6F6769632C20656475636174696F6E2C206D656D6F72792C206F722064656475637469766520726561736F6E696E672E2054686520417263616E612C20486973746F72792C20496E7665737469676174696F6E2C204E61747572652C20616E642052656C6967696F6E20736B696C6C73207265666C65637420617074697475646520696E206365727461696E206B696E6473206F6620496E74656C6C6967656E636520636865636B732E225D');
INSERT INTO ability_scores (id, indx, name, full_name, desc) VALUES (5, 'wis', 'WIS', 'Wisdom', X'5B22576973646F6D207265666C6563747320686F7720617474756E656420796F752061726520746F2074686520776F726C642061726F756E6420796F7520616E6420726570726573656E747320706572636570746976656E65737320616E6420696E74756974696F6E2E222C224120576973646F6D20636865636B206D69676874207265666C65637420616E206566666F727420746F207265616420626F6479206C616E67756167652C20756E6465727374616E6420736F6D656F6E652773206665656C696E67732C206E6F74696365207468696E67732061626F75742074686520656E7669726F6E6D656E742C206F72206361726520666F7220616E20696E6A7572656420706572736F6E2E2054686520416E696D616C2048616E646C696E672C20496E73696768742C204D65646963696E652C2050657263657074696F6E2C20616E6420537572766976616C20736B696C6C73207265666C65637420617074697475646520696E206365727461696E206B696E6473206F6620576973646F6D20636865636B732E225D');
INSERT INTO ability_scores (id, indx, name, full_name, desc) VALUES (6, 'cha', 'CHA', 'Charisma', X'5B224368617269736D61206D6561737572657320796F7572206162696C69747920746F20696E746572616374206566666563746976656C792077697468206F74686572732E20497420696E636C75646573207375636820666163746F727320617320636F6E666964656E636520616E6420656C6F7175656E63652C20616E642069742063616E20726570726573656E74206120636861726D696E67206F7220636F6D6D616E64696E6720706572736F6E616C6974792E222C2241204368617269736D6120636865636B206D69676874206172697365207768656E20796F752074727920746F20696E666C75656E6365206F7220656E7465727461696E206F74686572732C207768656E20796F752074727920746F206D616B6520616E20696D7072657373696F6E206F722074656C6C206120636F6E76696E63696E67206C69652C206F72207768656E20796F7520617265206E617669676174696E67206120747269636B7920736F6369616C20736974756174696F6E2E2054686520446563657074696F6E2C20496E74696D69646174696F6E2C20506572666F726D616E63652C20616E642050657273756173696F6E20736B696C6C73207265666C65637420617074697475646520696E206365727461696E206B696E6473206F66204368617269736D6120636865636B732E225D');

-- Table: damage_types
CREATE TABLE IF NOT EXISTS damage_types (
    id                        INTEGER NOT NULL
                                      PRIMARY KEY AUTOINCREMENT,
    indx                      TEXT    NOT NULL,
    name                      TEXT    NOT NULL,
    desc                      JSON    NOT NULL,
    weapon_damage_damage_type INTEGER,
    CONSTRAINT damage_types_weapon_damages_damage_type FOREIGN KEY (
        weapon_damage_damage_type
    )
    REFERENCES weapon_damages (id) ON DELETE SET NULL
);

INSERT INTO damage_types (id, indx, name, desc, weapon_damage_damage_type) VALUES (21474836481, 'acid', 'Acid', X'5B2254686520636F72726F73697665207370726179206F66206120626C61636B20647261676F6E27732062726561746820616E642074686520646973736F6C76696E6720656E7A796D6573207365637265746564206279206120626C61636B2070756464696E67206465616C20616369642064616D6167652E225D', NULL);
INSERT INTO damage_types (id, indx, name, desc, weapon_damage_damage_type) VALUES (21474836482, 'bludgeoning', 'Bludgeoning', X'5B22426C756E7420666F7263652061747461636B732C2066616C6C696E672C20636F6E737472696374696F6E2C20616E6420746865206C696B65206465616C20626C756467656F6E696E672064616D6167652E225D', NULL);
INSERT INTO damage_types (id, indx, name, desc, weapon_damage_damage_type) VALUES (21474836483, 'cold', 'Cold', X'5B2254686520696E6665726E616C206368696C6C20726164696174696E672066726F6D20616E2069636520646576696C277320737065617220616E64207468652066726967696420626C617374206F66206120776869746520647261676F6E277320627265617468206465616C20636F6C642064616D6167652E225D', NULL);
INSERT INTO damage_types (id, indx, name, desc, weapon_damage_damage_type) VALUES (21474836484, 'fire', 'Fire', X'5B2252656420647261676F6E73206272656174686520666972652C20616E64206D616E79207370656C6C7320636F6E6A75726520666C616D657320746F206465616C20666972652064616D6167652E225D', NULL);
INSERT INTO damage_types (id, indx, name, desc, weapon_damage_damage_type) VALUES (21474836485, 'force', 'Force', X'5B22466F7263652069732070757265206D61676963616C20656E6572677920666F637573656420696E746F20612064616D6167696E6720666F726D2E204D6F737420656666656374732074686174206465616C20666F7263652064616D61676520617265207370656C6C732C20696E636C7564696E67206D61676963206D697373696C6520616E642073706972697475616C20776561706F6E2E225D', NULL);
INSERT INTO damage_types (id, indx, name, desc, weapon_damage_damage_type) VALUES (21474836486, 'lightning', 'Lightning', X'5B2241206C696768746E696E6720626F6C74207370656C6C20616E64206120626C756520647261676F6E277320627265617468206465616C206C696768746E696E672064616D6167652E225D', NULL);
INSERT INTO damage_types (id, indx, name, desc, weapon_damage_damage_type) VALUES (21474836487, 'necrotic', 'Necrotic', X'5B224E6563726F7469632064616D6167652C206465616C74206279206365727461696E20756E6465616420616E642061207370656C6C2073756368206173206368696C6C20746F7563682C2077697468657273206D617474657220616E64206576656E2074686520736F756C2E225D', NULL);
INSERT INTO damage_types (id, indx, name, desc, weapon_damage_damage_type) VALUES (21474836488, 'piercing', 'Piercing', X'5B2250756E63747572696E6720616E6420696D70616C696E672061747461636B732C20696E636C7564696E672073706561727320616E64206D6F6E7374657273272062697465732C206465616C207069657263696E672064616D6167652E225D', NULL);
INSERT INTO damage_types (id, indx, name, desc, weapon_damage_damage_type) VALUES (21474836489, 'poison', 'Poison', X'5B2256656E6F6D6F7573207374696E677320616E642074686520746F78696320676173206F66206120677265656E20647261676F6E277320627265617468206465616C20706F69736F6E2064616D6167652E225D', NULL);
INSERT INTO damage_types (id, indx, name, desc, weapon_damage_damage_type) VALUES (21474836490, 'psychic', 'Psychic', X'5B224D656E74616C206162696C697469657320737563682061732061207073696F6E696320626C617374206465616C20707379636869632064616D6167652E225D', NULL);
INSERT INTO damage_types (id, indx, name, desc, weapon_damage_damage_type) VALUES (21474836491, 'radiant', 'Radiant', X'5B2252616469616E742064616D6167652C206465616C74206279206120636C65726963277320666C616D6520737472696B65207370656C6C206F7220616E20616E67656C277320736D6974696E6720776561706F6E2C2073656172732074686520666C657368206C696B65206669726520616E64206F7665726C6F6164732074686520737069726974207769746820706F7765722E225D', NULL);
INSERT INTO damage_types (id, indx, name, desc, weapon_damage_damage_type) VALUES (21474836492, 'slashing', 'Slashing', X'5B2253776F7264732C20617865732C20616E64206D6F6E73746572732720636C617773206465616C20736C617368696E672064616D6167652E225D', NULL);
INSERT INTO damage_types (id, indx, name, desc, weapon_damage_damage_type) VALUES (21474836493, 'thunder', 'Thunder', X'5B224120636F6E63757373697665206275727374206F6620736F756E642C20737563682061732074686520656666656374206F6620746865207468756E64657277617665207370656C6C2C206465616C73207468756E6465722064616D6167652E225D', NULL);

-- Table: languages
CREATE TABLE IF NOT EXISTS languages (
    id             INTEGER NOT NULL
                           PRIMARY KEY AUTOINCREMENT,
    indx           TEXT    NOT NULL,
    name           TEXT    NOT NULL,
    desc           TEXT    NOT NULL,
    language_type  TEXT    NOT NULL
                           DEFAULT 'STANDARD',
    script         TEXT
                           DEFAULT 'Common',
    race_languages INTEGER,
    CONSTRAINT languages_races_languages FOREIGN KEY (
        race_languages
    )
    REFERENCES races (id) ON DELETE SET NULL
);

INSERT INTO languages (id, indx, name, desc, language_type, script, race_languages) VALUES (34359738369, 'common', 'Common', '', 'STANDARD', 'Common', NULL);
INSERT INTO languages (id, indx, name, desc, language_type, script, race_languages) VALUES (34359738370, 'dwarvish', 'Dwarvish', 'Dwarvish is full of hard consonants and guttural sounds.', 'STANDARD', 'Dwarvish', NULL);
INSERT INTO languages (id, indx, name, desc, language_type, script, race_languages) VALUES (34359738371, 'elvish', 'Elvish', 'Elvish is fluid, with subtle intonations and intricate grammar. Elven literature is rich and varied, and their songs and poems are famous among other races. Many bards learn their language so they can add Elvish ballads to their repertoires.', 'STANDARD', 'Elvish', NULL);
INSERT INTO languages (id, indx, name, desc, language_type, script, race_languages) VALUES (34359738372, 'giant', 'Giant', '', 'STANDARD', 'Dwarvish', NULL);
INSERT INTO languages (id, indx, name, desc, language_type, script, race_languages) VALUES (34359738373, 'gnomish', 'Gnomish', 'The Gnomish language, which uses the Dwarvish script, is renowned for its technical treatises and its catalogs of knowledge about the natural world.', 'STANDARD', 'Dwarvish', NULL);
INSERT INTO languages (id, indx, name, desc, language_type, script, race_languages) VALUES (34359738374, 'goblin', 'Goblin', '', 'STANDARD', 'Dwarvish', NULL);
INSERT INTO languages (id, indx, name, desc, language_type, script, race_languages) VALUES (34359738375, 'halfling', 'Halfling', 'The Halfling language isn''t secret, but halflings are loath to share it with others. They write very little, so they don''t have a rich body of literature. Their oral tradition, however, is very strong.', 'STANDARD', 'Common', NULL);
INSERT INTO languages (id, indx, name, desc, language_type, script, race_languages) VALUES (34359738376, 'orc', 'Orc', 'Orc is a harsh, grating language with hard consonants. It has no script of its own but is written in the Dwarvish script.', 'STANDARD', 'Dwarvish', NULL);
INSERT INTO languages (id, indx, name, desc, language_type, script, race_languages) VALUES (34359738377, 'abyssal', 'Abyssal', '', 'EXOTIC', 'Infernal', NULL);
INSERT INTO languages (id, indx, name, desc, language_type, script, race_languages) VALUES (34359738378, 'celestial', 'Celestial', '', 'EXOTIC', 'Celestial', NULL);
INSERT INTO languages (id, indx, name, desc, language_type, script, race_languages) VALUES (34359738379, 'draconic', 'Draconic', 'Draconic is thought to be one of the oldest languages and is often used in the study of magic. The language sounds harsh to most other creatures and includes numerous hard consonants and sibilants.', 'EXOTIC', 'Draconic', NULL);
INSERT INTO languages (id, indx, name, desc, language_type, script, race_languages) VALUES (34359738380, 'deep-speech', 'Deep Speech', 'An eerie tongue, Deep Speech is a clicking language with unsettling vocalizations that can almost sound like noise. Vibrating, creaking, and trembling sounds complement this mode of communication, making it hard for humanoid vocal cords to mimic.', 'EXOTIC', 'Other', NULL);
INSERT INTO languages (id, indx, name, desc, language_type, script, race_languages) VALUES (34359738381, 'infernal', 'Infernal', '', 'EXOTIC', 'Infernal', NULL);
INSERT INTO languages (id, indx, name, desc, language_type, script, race_languages) VALUES (34359738382, 'primordial', 'Primordial', '', 'EXOTIC', 'Dwarvish', NULL);
INSERT INTO languages (id, indx, name, desc, language_type, script, race_languages) VALUES (34359738383, 'sylvan', 'Sylvan', '', 'EXOTIC', 'Elvish', NULL);
INSERT INTO languages (id, indx, name, desc, language_type, script, race_languages) VALUES (34359738384, 'undercommon', 'Undercommon', '', 'EXOTIC', 'Elvish', NULL);

-- Table: skills
CREATE TABLE IF NOT EXISTS skills (
    id                  INTEGER NOT NULL
                                PRIMARY KEY AUTOINCREMENT,
    indx                TEXT    NOT NULL,
    name                TEXT    NOT NULL,
    desc                JSON    NOT NULL,
    skill_ability_score INTEGER,
    CONSTRAINT skills_ability_scores_ability_score FOREIGN KEY (
        skill_ability_score
    )
    REFERENCES ability_scores (id) ON DELETE SET NULL
);

INSERT INTO skills (id, indx, name, desc, skill_ability_score) VALUES (47244640257, 'acrobatics', 'Acrobatics', X'5B22596F75722044657874657269747920284163726F6261746963732920636865636B20636F7665727320796F757220617474656D707420746F2073746179206F6E20796F7572206665657420696E206120747269636B7920736974756174696F6E2C2073756368206173207768656E20796F7527726520747279696E6720746F2072756E206163726F73732061207368656574206F66206963652C2062616C616E6365206F6E2061207469676874726F70652C206F7220737461792075707269676874206F6E206120726F636B696E6720736869702773206465636B2E2054686520474D206D6967687420616C736F2063616C6C20666F7220612044657874657269747920284163726F6261746963732920636865636B20746F2073656520696620796F752063616E20706572666F726D206163726F6261746963207374756E74732C20696E636C7564696E672064697665732C20726F6C6C732C20736F6D65727361756C74732C20616E6420666C6970732E225D', 2);
INSERT INTO skills (id, indx, name, desc, skill_ability_score) VALUES (47244640258, 'animal-handling', 'Animal Handling', X'5B225768656E20746865726520697320616E79207175657374696F6E207768657468657220796F752063616E2063616C6D20646F776E206120646F6D65737469636174656420616E696D616C2C206B6565702061206D6F756E742066726F6D2067657474696E672073706F6F6B65642C206F7220696E7475697420616E20616E696D616C277320696E74656E74696F6E732C2074686520474D206D696768742063616C6C20666F72206120576973646F6D2028416E696D616C2048616E646C696E672920636865636B2E20596F7520616C736F206D616B65206120576973646F6D2028416E696D616C2048616E646C696E672920636865636B20746F20636F6E74726F6C20796F7572206D6F756E74207768656E20796F7520617474656D70742061207269736B79206D616E65757665722E225D', 5);
INSERT INTO skills (id, indx, name, desc, skill_ability_score) VALUES (47244640259, 'arcana', 'Arcana', X'5B22596F757220496E74656C6C6967656E63652028417263616E612920636865636B206D6561737572657320796F7572206162696C69747920746F20726563616C6C206C6F72652061626F7574207370656C6C732C206D61676963206974656D732C20656C6472697463682073796D626F6C732C206D61676963616C20747261646974696F6E732C2074686520706C616E6573206F66206578697374656E63652C20616E642074686520696E6861626974616E7473206F662074686F736520706C616E65732E225D', 4);
INSERT INTO skills (id, indx, name, desc, skill_ability_score) VALUES (47244640260, 'athletics', 'Athletics', X'5B22596F757220537472656E67746820284174686C65746963732920636865636B20636F7665727320646966666963756C7420736974756174696F6E7320796F7520656E636F756E746572207768696C6520636C696D62696E672C206A756D70696E672C206F72207377696D6D696E672E225D', 1);
INSERT INTO skills (id, indx, name, desc, skill_ability_score) VALUES (47244640261, 'deception', 'Deception', X'5B22596F7572204368617269736D612028446563657074696F6E2920636865636B2064657465726D696E6573207768657468657220796F752063616E20636F6E76696E63696E676C792068696465207468652074727574682C206569746865722076657262616C6C79206F72207468726F75676820796F757220616374696F6E732E205468697320646563657074696F6E2063616E20656E636F6D706173732065766572797468696E672066726F6D206D69736C656164696E67206F7468657273207468726F75676820616D6269677569747920746F2074656C6C696E67206F75747269676874206C6965732E205479706963616C20736974756174696F6E7320696E636C75646520747279696E6720746F20666173742D2074616C6B20612067756172642C20636F6E2061206D65726368616E742C206561726E206D6F6E6579207468726F7567682067616D626C696E672C207061737320796F757273656C66206F666620696E20612064697367756973652C2064756C6C20736F6D656F6E65277320737573706963696F6E7320776974682066616C7365206173737572616E6365732C206F72206D61696E7461696E20612073747261696768742066616365207768696C652074656C6C696E67206120626C6174616E74206C69652E225D', 6);
INSERT INTO skills (id, indx, name, desc, skill_ability_score) VALUES (47244640262, 'history', 'History', X'5B22596F757220496E74656C6C6967656E63652028486973746F72792920636865636B206D6561737572657320796F7572206162696C69747920746F20726563616C6C206C6F72652061626F757420686973746F726963616C206576656E74732C206C6567656E646172792070656F706C652C20616E6369656E74206B696E67646F6D732C20706173742064697370757465732C20726563656E7420776172732C20616E64206C6F737420636976696C697A6174696F6E732E225D', 4);
INSERT INTO skills (id, indx, name, desc, skill_ability_score) VALUES (47244640263, 'insight', 'Insight', X'5B22596F757220576973646F6D2028496E73696768742920636865636B2064656369646573207768657468657220796F752063616E2064657465726D696E6520746865207472756520696E74656E74696F6E73206F6620612063726561747572652C2073756368206173207768656E20736561726368696E67206F75742061206C6965206F722070726564696374696E6720736F6D656F6E652773206E657874206D6F76652E20446F696E6720736F20696E766F6C76657320676C65616E696E6720636C7565732066726F6D20626F6479206C616E67756167652C20737065656368206861626974732C20616E64206368616E67657320696E206D616E6E657269736D732E225D', 5);
INSERT INTO skills (id, indx, name, desc, skill_ability_score) VALUES (47244640264, 'intimidation', 'Intimidation', X'5B225768656E20796F7520617474656D707420746F20696E666C75656E636520736F6D656F6E65207468726F756768206F7665727420746872656174732C20686F7374696C6520616374696F6E732C20616E6420706879736963616C2076696F6C656E63652C2074686520474D206D696768742061736B20796F7520746F206D616B652061204368617269736D612028496E74696D69646174696F6E2920636865636B2E204578616D706C657320696E636C75646520747279696E6720746F2070727920696E666F726D6174696F6E206F7574206F66206120707269736F6E65722C20636F6E76696E63696E672073747265657420746875677320746F206261636B20646F776E2066726F6D206120636F6E66726F6E746174696F6E2C206F72207573696E67207468652065646765206F6620612062726F6B656E20626F74746C6520746F20636F6E76696E6365206120736E656572696E672076697A69657220746F207265636F6E73696465722061206465636973696F6E2E225D', 6);
INSERT INTO skills (id, indx, name, desc, skill_ability_score) VALUES (47244640265, 'investigation', 'Investigation', X'5B225768656E20796F75206C6F6F6B2061726F756E6420666F7220636C75657320616E64206D616B6520646564756374696F6E73206261736564206F6E2074686F736520636C7565732C20796F75206D616B6520616E20496E74656C6C6967656E63652028496E7665737469676174696F6E2920636865636B2E20596F75206D696768742064656475636520746865206C6F636174696F6E206F6620612068696464656E206F626A6563742C206469736365726E2066726F6D2074686520617070656172616E6365206F66206120776F756E642077686174206B696E64206F6620776561706F6E206465616C742069742C206F722064657465726D696E6520746865207765616B65737420706F696E7420696E20612074756E6E656C207468617420636F756C6420636175736520697420746F20636F6C6C617073652E20506F72696E67207468726F75676820616E6369656E74207363726F6C6C7320696E20736561726368206F6620612068696464656E20667261676D656E74206F66206B6E6F776C65646765206D6967687420616C736F2063616C6C20666F7220616E20496E74656C6C6967656E63652028496E7665737469676174696F6E2920636865636B2E225D', 4);
INSERT INTO skills (id, indx, name, desc, skill_ability_score) VALUES (47244640266, 'medicine', 'Medicine', X'5B224120576973646F6D20284D65646963696E652920636865636B206C65747320796F752074727920746F2073746162696C697A652061206479696E6720636F6D70616E696F6E206F7220646961676E6F736520616E20696C6C6E6573732E225D', 5);
INSERT INTO skills (id, indx, name, desc, skill_ability_score) VALUES (47244640267, 'nature', 'Nature', X'5B22596F757220496E74656C6C6967656E636520284E61747572652920636865636B206D6561737572657320796F7572206162696C69747920746F20726563616C6C206C6F72652061626F7574207465727261696E2C20706C616E747320616E6420616E696D616C732C2074686520776561746865722C20616E64206E61747572616C206379636C65732E225D', 4);
INSERT INTO skills (id, indx, name, desc, skill_ability_score) VALUES (47244640268, 'perception', 'Perception', X'5B22596F757220576973646F6D202850657263657074696F6E2920636865636B206C65747320796F752073706F742C20686561722C206F72206F746865727769736520646574656374207468652070726573656E6365206F6620736F6D657468696E672E204974206D6561737572657320796F75722067656E6572616C2061776172656E657373206F6620796F757220737572726F756E64696E677320616E6420746865206B65656E6E657373206F6620796F75722073656E7365732E20466F72206578616D706C652C20796F75206D696768742074727920746F2068656172206120636F6E766572736174696F6E207468726F756768206120636C6F73656420646F6F722C20656176657364726F7020756E64657220616E206F70656E2077696E646F772C206F722068656172206D6F6E7374657273206D6F76696E6720737465616C7468696C7920696E2074686520666F726573742E204F7220796F75206D696768742074727920746F2073706F74207468696E6773207468617420617265206F62736375726564206F72206561737920746F206D6973732C2077686574686572207468657920617265206F726373206C79696E6720696E20616D62757368206F6E206120726F61642C20746875677320686964696E6720696E2074686520736861646F7773206F6620616E20616C6C65792C206F722063616E646C656C6967687420756E646572206120636C6F7365642073656372657420646F6F722E225D', 5);
INSERT INTO skills (id, indx, name, desc, skill_ability_score) VALUES (47244640269, 'performance', 'Performance', X'5B22596F7572204368617269736D612028506572666F726D616E63652920636865636B2064657465726D696E657320686F772077656C6C20796F752063616E2064656C6967687420616E2061756469656E63652077697468206D757369632C2064616E63652C20616374696E672C2073746F727974656C6C696E672C206F7220736F6D65206F7468657220666F726D206F6620656E7465727461696E6D656E742E225D', 6);
INSERT INTO skills (id, indx, name, desc, skill_ability_score) VALUES (47244640270, 'persuasion', 'Persuasion', X'5B225768656E20796F7520617474656D707420746F20696E666C75656E636520736F6D656F6E65206F7220612067726F7570206F662070656F706C65207769746820746163742C20736F6369616C206772616365732C206F7220676F6F64206E61747572652C2074686520474D206D696768742061736B20796F7520746F206D616B652061204368617269736D61202850657273756173696F6E2920636865636B2E205479706963616C6C792C20796F75207573652070657273756173696F6E207768656E20616374696E6720696E20676F6F642066616974682C20746F20666F7374657220667269656E6473686970732C206D616B6520636F726469616C2072657175657374732C206F7220657868696269742070726F706572206574697175657474652E204578616D706C6573206F662070657273756164696E67206F746865727320696E636C75646520636F6E76696E63696E672061206368616D6265726C61696E20746F206C657420796F75722070617274792073656520746865206B696E672C206E65676F74696174696E67207065616365206265747765656E2077617272696E67207472696265732C206F7220696E73706972696E6720612063726F7764206F6620746F776E73666F6C6B2E225D', 6);
INSERT INTO skills (id, indx, name, desc, skill_ability_score) VALUES (47244640271, 'religion', 'Religion', X'5B22596F757220496E74656C6C6967656E6365202852656C6967696F6E2920636865636B206D6561737572657320796F7572206162696C69747920746F20726563616C6C206C6F72652061626F757420646569746965732C20726974657320616E6420707261796572732C2072656C6967696F75732068696572617263686965732C20686F6C792073796D626F6C732C20616E642074686520707261637469636573206F66207365637265742063756C74732E225D', 4);
INSERT INTO skills (id, indx, name, desc, skill_ability_score) VALUES (47244640272, 'sleight-of-hand', 'Sleight of Hand', X'5B225768656E6576657220796F7520617474656D707420616E20616374206F66206C6567657264656D61696E206F72206D616E75616C20747269636B6572792C207375636820617320706C616E74696E6720736F6D657468696E67206F6E20736F6D656F6E6520656C7365206F7220636F6E6365616C696E6720616E206F626A656374206F6E20796F757220706572736F6E2C206D616B652061204465787465726974792028536C6569676874206F662048616E642920636865636B2E2054686520474D206D6967687420616C736F2063616C6C20666F722061204465787465726974792028536C6569676874206F662048616E642920636865636B20746F2064657465726D696E65207768657468657220796F752063616E206C696674206120636F696E207075727365206F666620616E6F7468657220706572736F6E206F7220736C697020736F6D657468696E67206F7574206F6620616E6F7468657220706572736F6E277320706F636B65742E225D', 2);
INSERT INTO skills (id, indx, name, desc, skill_ability_score) VALUES (47244640273, 'stealth', 'Stealth', X'5B224D616B652061204465787465726974792028537465616C74682920636865636B207768656E20796F7520617474656D707420746F20636F6E6365616C20796F757273656C662066726F6D20656E656D6965732C20736C696E6B2070617374206775617264732C20736C6970206177617920776974686F7574206265696E67206E6F74696365642C206F7220736E65616B207570206F6E20736F6D656F6E6520776974686F7574206265696E67207365656E206F722068656172642E225D', 2);
INSERT INTO skills (id, indx, name, desc, skill_ability_score) VALUES (47244640274, 'survival', 'Survival', X'5B2254686520474D206D696768742061736B20796F7520746F206D616B65206120576973646F6D2028537572766976616C2920636865636B20746F20666F6C6C6F7720747261636B732C2068756E742077696C642067616D652C20677569646520796F75722067726F7570207468726F7567682066726F7A656E2077617374656C616E64732C206964656E74696679207369676E732074686174206F776C6265617273206C697665206E65617262792C20707265646963742074686520776561746865722C206F722061766F696420717569636B73616E6420616E64206F74686572206E61747572616C2068617A617264732E225D', 5);

-- Index: ability_scores_indx_key
CREATE UNIQUE INDEX IF NOT EXISTS ability_scores_indx_key ON ability_scores (
    indx
);


-- Index: damage_types_indx_key
CREATE UNIQUE INDEX IF NOT EXISTS damage_types_indx_key ON damage_types (
    indx
);


-- Index: languages_indx_key
CREATE UNIQUE INDEX IF NOT EXISTS languages_indx_key ON languages (
    indx
);


-- Index: skills_indx_key
CREATE UNIQUE INDEX IF NOT EXISTS skills_indx_key ON skills (
    indx
);


COMMIT TRANSACTION;
PRAGMA foreign_keys = on;
