PRAGMA foreign_keys = off;

INSERT INTO ability_scores (id, indx, name, full_name, desc) VALUES (1, 'str', 'STR', 'Strength', X'5B22537472656E677468206D6561737572657320626F64696C7920706F7765722C206174686C6574696320747261696E696E672C20616E642074686520657874656E7420746F20776869636820796F752063616E2065786572742072617720706879736963616C20666F7263652E222C224120537472656E67746820636865636B2063616E206D6F64656C20616E7920617474656D707420746F206C6966742C20707573682C2070756C6C2C206F7220627265616B20736F6D657468696E672C20746F20666F72636520796F757220626F6479207468726F75676820612073706163652C206F7220746F206F7468657277697365206170706C7920627275746520666F72636520746F206120736974756174696F6E2E20546865204174686C657469637320736B696C6C207265666C6563747320617074697475646520696E206365727461696E206B696E6473206F6620537472656E67746820636865636B732E225D');
INSERT INTO ability_scores (id, indx, name, full_name, desc) VALUES (2, 'dex', 'DEX', 'Dexterity', X'5B22446578746572697479206D65617375726573206167696C6974792C207265666C657865732C20616E642062616C616E63652E222C22412044657874657269747920636865636B2063616E206D6F64656C20616E7920617474656D707420746F206D6F7665206E696D626C792C20717569636B6C792C206F722071756965746C792C206F7220746F206B6565702066726F6D2066616C6C696E67206F6E20747269636B7920666F6F74696E672E20546865204163726F6261746963732C20536C6569676874206F662048616E642C20616E6420537465616C746820736B696C6C73207265666C65637420617074697475646520696E206365727461696E206B696E6473206F662044657874657269747920636865636B732E225D');
INSERT INTO ability_scores (id, indx, name, full_name, desc) VALUES (3, 'con', 'CON', 'Constitution', X'5B22436F6E737469747574696F6E206D65617375726573206865616C74682C207374616D696E612C20616E6420766974616C20666F7263652E222C22436F6E737469747574696F6E20636865636B732061726520756E636F6D6D6F6E2C20616E64206E6F20736B696C6C73206170706C7920746F20436F6E737469747574696F6E20636865636B732C20626563617573652074686520656E647572616E63652074686973206162696C69747920726570726573656E7473206973206C617267656C79207061737369766520726174686572207468616E20696E766F6C76696E672061207370656369666963206566666F7274206F6E207468652070617274206F66206120636861726163746572206F72206D6F6E737465722E225D');
INSERT INTO ability_scores (id, indx, name, full_name, desc) VALUES (4, 'int', 'INT', 'Intelligence', X'5B22496E74656C6C6967656E6365206D65617375726573206D656E74616C206163756974792C206163637572616379206F6620726563616C6C2C20616E6420746865206162696C69747920746F20726561736F6E2E222C22416E20496E74656C6C6967656E636520636865636B20636F6D657320696E746F20706C6179207768656E20796F75206E65656420746F2064726177206F6E206C6F6769632C20656475636174696F6E2C206D656D6F72792C206F722064656475637469766520726561736F6E696E672E2054686520417263616E612C20486973746F72792C20496E7665737469676174696F6E2C204E61747572652C20616E642052656C6967696F6E20736B696C6C73207265666C65637420617074697475646520696E206365727461696E206B696E6473206F6620496E74656C6C6967656E636520636865636B732E225D');
INSERT INTO ability_scores (id, indx, name, full_name, desc) VALUES (5, 'wis', 'WIS', 'Wisdom', X'5B22576973646F6D207265666C6563747320686F7720617474756E656420796F752061726520746F2074686520776F726C642061726F756E6420796F7520616E6420726570726573656E747320706572636570746976656E65737320616E6420696E74756974696F6E2E222C224120576973646F6D20636865636B206D69676874207265666C65637420616E206566666F727420746F207265616420626F6479206C616E67756167652C20756E6465727374616E6420736F6D656F6E652773206665656C696E67732C206E6F74696365207468696E67732061626F75742074686520656E7669726F6E6D656E742C206F72206361726520666F7220616E20696E6A7572656420706572736F6E2E2054686520416E696D616C2048616E646C696E672C20496E73696768742C204D65646963696E652C2050657263657074696F6E2C20616E6420537572766976616C20736B696C6C73207265666C65637420617074697475646520696E206365727461696E206B696E6473206F6620576973646F6D20636865636B732E225D');
INSERT INTO ability_scores (id, indx, name, full_name, desc) VALUES (6, 'cha', 'CHA', 'Charisma', X'5B224368617269736D61206D6561737572657320796F7572206162696C69747920746F20696E746572616374206566666563746976656C792077697468206F74686572732E20497420696E636C75646573207375636820666163746F727320617320636F6E666964656E636520616E6420656C6F7175656E63652C20616E642069742063616E20726570726573656E74206120636861726D696E67206F7220636F6D6D616E64696E6720706572736F6E616C6974792E222C2241204368617269736D6120636865636B206D69676874206172697365207768656E20796F752074727920746F20696E666C75656E6365206F7220656E7465727461696E206F74686572732C207768656E20796F752074727920746F206D616B6520616E20696D7072657373696F6E206F722074656C6C206120636F6E76696E63696E67206C69652C206F72207768656E20796F7520617265206E617669676174696E67206120747269636B7920736F6369616C20736974756174696F6E2E2054686520446563657074696F6E2C20496E74696D69646174696F6E2C20506572666F726D616E63652C20616E642050657273756173696F6E20736B696C6C73207265666C65637420617074697475646520696E206365727461696E206B696E6473206F66204368617269736D6120636865636B732E225D');

INSERT INTO armor_classes (id, base, dex_bonus, max_bonus, armor_armor_class) VALUES (8589934593, 11, 1, 0, 4294967297);
INSERT INTO armor_classes (id, base, dex_bonus, max_bonus, armor_armor_class) VALUES (8589934594, 11, 1, 0, 4294967298);
INSERT INTO armor_classes (id, base, dex_bonus, max_bonus, armor_armor_class) VALUES (8589934595, 12, 1, 0, 4294967299);
INSERT INTO armor_classes (id, base, dex_bonus, max_bonus, armor_armor_class) VALUES (8589934596, 12, 1, 2, 4294967300);
INSERT INTO armor_classes (id, base, dex_bonus, max_bonus, armor_armor_class) VALUES (8589934597, 13, 1, 2, 4294967301);
INSERT INTO armor_classes (id, base, dex_bonus, max_bonus, armor_armor_class) VALUES (8589934598, 14, 1, 2, 4294967302);
INSERT INTO armor_classes (id, base, dex_bonus, max_bonus, armor_armor_class) VALUES (8589934599, 14, 1, 2, 4294967303);
INSERT INTO armor_classes (id, base, dex_bonus, max_bonus, armor_armor_class) VALUES (8589934600, 15, 1, 2, 4294967304);
INSERT INTO armor_classes (id, base, dex_bonus, max_bonus, armor_armor_class) VALUES (8589934601, 14, 0, 0, 4294967305);
INSERT INTO armor_classes (id, base, dex_bonus, max_bonus, armor_armor_class) VALUES (8589934602, 16, 0, 0, 4294967306);
INSERT INTO armor_classes (id, base, dex_bonus, max_bonus, armor_armor_class) VALUES (8589934603, 17, 0, 0, 4294967307);
INSERT INTO armor_classes (id, base, dex_bonus, max_bonus, armor_armor_class) VALUES (8589934604, 18, 0, 0, 4294967308);
INSERT INTO armor_classes (id, base, dex_bonus, max_bonus, armor_armor_class) VALUES (8589934605, 2, 0, 0, 4294967309);

INSERT INTO armors (id, indx, name, stealth_disadvantage, min_strength, equipment_id) VALUES (4294967297, 'padded-armor', 'Padded Armor', 1, 0, 25769803814);
INSERT INTO armors (id, indx, name, stealth_disadvantage, min_strength, equipment_id) VALUES (4294967298, 'leather-armor', 'Leather Armor', 0, 0, 25769803815);
INSERT INTO armors (id, indx, name, stealth_disadvantage, min_strength, equipment_id) VALUES (4294967299, 'studded-leather-armor', 'Studded Leather Armor', 0, 0, 25769803816);
INSERT INTO armors (id, indx, name, stealth_disadvantage, min_strength, equipment_id) VALUES (4294967300, 'hide-armor', 'Hide Armor', 0, 0, 25769803817);
INSERT INTO armors (id, indx, name, stealth_disadvantage, min_strength, equipment_id) VALUES (4294967301, 'chain-shirt', 'Chain Shirt', 0, 0, 25769803818);
INSERT INTO armors (id, indx, name, stealth_disadvantage, min_strength, equipment_id) VALUES (4294967302, 'scale-mail', 'Scale Mail', 1, 0, 25769803819);
INSERT INTO armors (id, indx, name, stealth_disadvantage, min_strength, equipment_id) VALUES (4294967303, 'breastplate', 'Breastplate', 0, 0, 25769803820);
INSERT INTO armors (id, indx, name, stealth_disadvantage, min_strength, equipment_id) VALUES (4294967304, 'half-plate-armor', 'Half Plate Armor', 1, 0, 25769803821);
INSERT INTO armors (id, indx, name, stealth_disadvantage, min_strength, equipment_id) VALUES (4294967305, 'ring-mail', 'Ring Mail', 1, 0, 25769803822);
INSERT INTO armors (id, indx, name, stealth_disadvantage, min_strength, equipment_id) VALUES (4294967306, 'chain-mail', 'Chain Mail', 1, 13, 25769803823);
INSERT INTO armors (id, indx, name, stealth_disadvantage, min_strength, equipment_id) VALUES (4294967307, 'splint-armor', 'Splint Armor', 1, 15, 25769803824);
INSERT INTO armors (id, indx, name, stealth_disadvantage, min_strength, equipment_id) VALUES (4294967308, 'plate-armor', 'Plate Armor', 1, 15, 25769803825);
INSERT INTO armors (id, indx, name, stealth_disadvantage, min_strength, equipment_id) VALUES (4294967309, 'shield', 'Shield', 0, 0, 25769803826);

INSERT INTO classes (id, indx, name, hit_die) VALUES (12884901889, 'barbarian', 'Barbarian', 12);
INSERT INTO classes (id, indx, name, hit_die) VALUES (12884901890, 'bard', 'Bard', 8);
INSERT INTO classes (id, indx, name, hit_die) VALUES (12884901891, 'cleric', 'Cleric', 8);
INSERT INTO classes (id, indx, name, hit_die) VALUES (12884901892, 'druid', 'Druid', 8);
INSERT INTO classes (id, indx, name, hit_die) VALUES (12884901893, 'fighter', 'Fighter', 10);
INSERT INTO classes (id, indx, name, hit_die) VALUES (12884901894, 'monk', 'Monk', 8);
INSERT INTO classes (id, indx, name, hit_die) VALUES (12884901895, 'paladin', 'Paladin', 10);
INSERT INTO classes (id, indx, name, hit_die) VALUES (12884901896, 'ranger', 'Ranger', 10);
INSERT INTO classes (id, indx, name, hit_die) VALUES (12884901897, 'rogue', 'Rogue', 8);
INSERT INTO classes (id, indx, name, hit_die) VALUES (12884901898, 'sorcerer', 'Sorcerer', 6);
INSERT INTO classes (id, indx, name, hit_die) VALUES (12884901899, 'warlock', 'Warlock', 8);
INSERT INTO classes (id, indx, name, hit_die) VALUES (12884901900, 'wizard', 'Wizard', 6);

INSERT INTO costs (id, quantity, unit) VALUES (17179869185, 1, 'sp');
INSERT INTO costs (id, quantity, unit) VALUES (17179869186, 2, 'gp');
INSERT INTO costs (id, quantity, unit) VALUES (17179869187, 2, 'sp');
INSERT INTO costs (id, quantity, unit) VALUES (17179869188, 5, 'gp');
INSERT INTO costs (id, quantity, unit) VALUES (17179869189, 5, 'sp');
INSERT INTO costs (id, quantity, unit) VALUES (17179869190, 2, 'gp');
INSERT INTO costs (id, quantity, unit) VALUES (17179869191, 5, 'gp');
INSERT INTO costs (id, quantity, unit) VALUES (17179869192, 2, 'sp');
INSERT INTO costs (id, quantity, unit) VALUES (17179869193, 1, 'gp');
INSERT INTO costs (id, quantity, unit) VALUES (17179869194, 1, 'gp');
INSERT INTO costs (id, quantity, unit) VALUES (17179869195, 25, 'gp');
INSERT INTO costs (id, quantity, unit) VALUES (17179869196, 5, 'cp');
INSERT INTO costs (id, quantity, unit) VALUES (17179869197, 25, 'gp');
INSERT INTO costs (id, quantity, unit) VALUES (17179869198, 1, 'sp');
INSERT INTO costs (id, quantity, unit) VALUES (17179869199, 10, 'gp');
INSERT INTO costs (id, quantity, unit) VALUES (17179869200, 10, 'gp');
INSERT INTO costs (id, quantity, unit) VALUES (17179869201, 20, 'gp');
INSERT INTO costs (id, quantity, unit) VALUES (17179869202, 30, 'gp');
INSERT INTO costs (id, quantity, unit) VALUES (17179869203, 50, 'gp');
INSERT INTO costs (id, quantity, unit) VALUES (17179869204, 20, 'gp');
INSERT INTO costs (id, quantity, unit) VALUES (17179869205, 10, 'gp');
INSERT INTO costs (id, quantity, unit) VALUES (17179869206, 15, 'gp');
INSERT INTO costs (id, quantity, unit) VALUES (17179869207, 10, 'gp');
INSERT INTO costs (id, quantity, unit) VALUES (17179869208, 15, 'gp');
INSERT INTO costs (id, quantity, unit) VALUES (17179869209, 5, 'gp');
INSERT INTO costs (id, quantity, unit) VALUES (17179869210, 25, 'gp');
INSERT INTO costs (id, quantity, unit) VALUES (17179869211, 25, 'gp');
INSERT INTO costs (id, quantity, unit) VALUES (17179869212, 10, 'gp');
INSERT INTO costs (id, quantity, unit) VALUES (17179869213, 5, 'gp');
INSERT INTO costs (id, quantity, unit) VALUES (17179869214, 5, 'gp');
INSERT INTO costs (id, quantity, unit) VALUES (17179869215, 15, 'gp');
INSERT INTO costs (id, quantity, unit) VALUES (17179869216, 2, 'gp');
INSERT INTO costs (id, quantity, unit) VALUES (17179869217, 10, 'gp');
INSERT INTO costs (id, quantity, unit) VALUES (17179869218, 75, 'gp');
INSERT INTO costs (id, quantity, unit) VALUES (17179869219, 50, 'gp');
INSERT INTO costs (id, quantity, unit) VALUES (17179869220, 50, 'gp');
INSERT INTO costs (id, quantity, unit) VALUES (17179869221, 1, 'gp');
INSERT INTO costs (id, quantity, unit) VALUES (17179869222, 5, 'gp');
INSERT INTO costs (id, quantity, unit) VALUES (17179869223, 10, 'gp');
INSERT INTO costs (id, quantity, unit) VALUES (17179869224, 45, 'gp');
INSERT INTO costs (id, quantity, unit) VALUES (17179869225, 10, 'gp');
INSERT INTO costs (id, quantity, unit) VALUES (17179869226, 50, 'gp');
INSERT INTO costs (id, quantity, unit) VALUES (17179869227, 50, 'gp');
INSERT INTO costs (id, quantity, unit) VALUES (17179869228, 400, 'gp');
INSERT INTO costs (id, quantity, unit) VALUES (17179869229, 750, 'gp');
INSERT INTO costs (id, quantity, unit) VALUES (17179869230, 30, 'gp');
INSERT INTO costs (id, quantity, unit) VALUES (17179869231, 75, 'gp');
INSERT INTO costs (id, quantity, unit) VALUES (17179869232, 200, 'gp');
INSERT INTO costs (id, quantity, unit) VALUES (17179869233, 1500, 'gp');
INSERT INTO costs (id, quantity, unit) VALUES (17179869234, 10, 'gp');
INSERT INTO costs (id, quantity, unit) VALUES (17179869235, 2, 'gp');
INSERT INTO costs (id, quantity, unit) VALUES (17179869236, 25, 'gp');
INSERT INTO costs (id, quantity, unit) VALUES (17179869237, 50, 'gp');
INSERT INTO costs (id, quantity, unit) VALUES (17179869238, 0, 'cp');
INSERT INTO costs (id, quantity, unit) VALUES (17179869239, 1, 'gp');
INSERT INTO costs (id, quantity, unit) VALUES (17179869240, 0, 'cp');
INSERT INTO costs (id, quantity, unit) VALUES (17179869241, 1, 'gp');
INSERT INTO costs (id, quantity, unit) VALUES (17179869242, 0, 'cp');
INSERT INTO costs (id, quantity, unit) VALUES (17179869243, 1, 'gp');
INSERT INTO costs (id, quantity, unit) VALUES (17179869244, 4, 'cp');
INSERT INTO costs (id, quantity, unit) VALUES (17179869245, 5, 'gp');
INSERT INTO costs (id, quantity, unit) VALUES (17179869246, 50, 'gp');
INSERT INTO costs (id, quantity, unit) VALUES (17179869247, 10, 'gp');
INSERT INTO costs (id, quantity, unit) VALUES (17179869248, 20, 'gp');
INSERT INTO costs (id, quantity, unit) VALUES (17179869249, 10, 'gp');
INSERT INTO costs (id, quantity, unit) VALUES (17179869250, 5, 'gp');
INSERT INTO costs (id, quantity, unit) VALUES (17179869251, 10, 'gp');
INSERT INTO costs (id, quantity, unit) VALUES (17179869252, 2, 'gp');
INSERT INTO costs (id, quantity, unit) VALUES (17179869253, 1, 'gp');
INSERT INTO costs (id, quantity, unit) VALUES (17179869254, 2, 'gp');
INSERT INTO costs (id, quantity, unit) VALUES (17179869255, 4, 'sp');
INSERT INTO costs (id, quantity, unit) VALUES (17179869256, 1, 'gp');
INSERT INTO costs (id, quantity, unit) VALUES (17179869257, 1, 'gp');
INSERT INTO costs (id, quantity, unit) VALUES (17179869258, 5, 'sp');
INSERT INTO costs (id, quantity, unit) VALUES (17179869259, 1, 'gp');
INSERT INTO costs (id, quantity, unit) VALUES (17179869260, 25, 'gp');
INSERT INTO costs (id, quantity, unit) VALUES (17179869261, 2, 'gp');
INSERT INTO costs (id, quantity, unit) VALUES (17179869262, 5, 'cp');
INSERT INTO costs (id, quantity, unit) VALUES (17179869263, 5, 'cp');
INSERT INTO costs (id, quantity, unit) VALUES (17179869264, 1, 'cp');
INSERT INTO costs (id, quantity, unit) VALUES (17179869265, 1, 'gp');
INSERT INTO costs (id, quantity, unit) VALUES (17179869266, 1, 'gp');
INSERT INTO costs (id, quantity, unit) VALUES (17179869267, 5, 'gp');
INSERT INTO costs (id, quantity, unit) VALUES (17179869268, 1, 'cp');
INSERT INTO costs (id, quantity, unit) VALUES (17179869269, 5, 'gp');
INSERT INTO costs (id, quantity, unit) VALUES (17179869270, 5, 'sp');
INSERT INTO costs (id, quantity, unit) VALUES (17179869271, 5, 'gp');
INSERT INTO costs (id, quantity, unit) VALUES (17179869272, 15, 'gp');
INSERT INTO costs (id, quantity, unit) VALUES (17179869273, 2, 'gp');
INSERT INTO costs (id, quantity, unit) VALUES (17179869274, 25, 'gp');
INSERT INTO costs (id, quantity, unit) VALUES (17179869275, 2, 'gp');
INSERT INTO costs (id, quantity, unit) VALUES (17179869276, 1, 'gp');
INSERT INTO costs (id, quantity, unit) VALUES (17179869277, 1, 'gp');
INSERT INTO costs (id, quantity, unit) VALUES (17179869278, 5, 'gp');
INSERT INTO costs (id, quantity, unit) VALUES (17179869279, 10, 'gp');
INSERT INTO costs (id, quantity, unit) VALUES (17179869280, 5, 'gp');
INSERT INTO costs (id, quantity, unit) VALUES (17179869281, 1, 'gp');
INSERT INTO costs (id, quantity, unit) VALUES (17179869282, 2, 'cp');
INSERT INTO costs (id, quantity, unit) VALUES (17179869283, 2, 'gp');
INSERT INTO costs (id, quantity, unit) VALUES (17179869284, 1, 'gp');
INSERT INTO costs (id, quantity, unit) VALUES (17179869285, 2, 'gp');
INSERT INTO costs (id, quantity, unit) VALUES (17179869286, 25, 'gp');
INSERT INTO costs (id, quantity, unit) VALUES (17179869287, 25, 'gp');
INSERT INTO costs (id, quantity, unit) VALUES (17179869288, 5, 'gp');
INSERT INTO costs (id, quantity, unit) VALUES (17179869289, 10, 'gp');
INSERT INTO costs (id, quantity, unit) VALUES (17179869290, 2, 'cp');
INSERT INTO costs (id, quantity, unit) VALUES (17179869291, 2, 'cp');
INSERT INTO costs (id, quantity, unit) VALUES (17179869292, 25, 'gp');
INSERT INTO costs (id, quantity, unit) VALUES (17179869293, 25, 'gp');
INSERT INTO costs (id, quantity, unit) VALUES (17179869294, 15, 'gp');
INSERT INTO costs (id, quantity, unit) VALUES (17179869295, 5, 'gp');
INSERT INTO costs (id, quantity, unit) VALUES (17179869296, 5, 'gp');
INSERT INTO costs (id, quantity, unit) VALUES (17179869297, 2, 'sp');
INSERT INTO costs (id, quantity, unit) VALUES (17179869298, 50, 'gp');
INSERT INTO costs (id, quantity, unit) VALUES (17179869299, 1, 'sp');
INSERT INTO costs (id, quantity, unit) VALUES (17179869300, 5, 'sp');
INSERT INTO costs (id, quantity, unit) VALUES (17179869301, 10, 'gp');
INSERT INTO costs (id, quantity, unit) VALUES (17179869302, 5, 'gp');
INSERT INTO costs (id, quantity, unit) VALUES (17179869303, 0, 'cp');
INSERT INTO costs (id, quantity, unit) VALUES (17179869304, 10, 'gp');
INSERT INTO costs (id, quantity, unit) VALUES (17179869305, 100, 'gp');
INSERT INTO costs (id, quantity, unit) VALUES (17179869306, 2, 'gp');
INSERT INTO costs (id, quantity, unit) VALUES (17179869307, 5, 'gp');
INSERT INTO costs (id, quantity, unit) VALUES (17179869308, 1, 'sp');
INSERT INTO costs (id, quantity, unit) VALUES (17179869309, 2, 'sp');
INSERT INTO costs (id, quantity, unit) VALUES (17179869310, 1, 'sp');
INSERT INTO costs (id, quantity, unit) VALUES (17179869311, 5, 'gp');
INSERT INTO costs (id, quantity, unit) VALUES (17179869312, 2, 'gp');
INSERT INTO costs (id, quantity, unit) VALUES (17179869313, 5, 'cp');
INSERT INTO costs (id, quantity, unit) VALUES (17179869314, 100, 'gp');
INSERT INTO costs (id, quantity, unit) VALUES (17179869315, 5, 'cp');
INSERT INTO costs (id, quantity, unit) VALUES (17179869316, 2, 'gp');
INSERT INTO costs (id, quantity, unit) VALUES (17179869317, 5, 'sp');
INSERT INTO costs (id, quantity, unit) VALUES (17179869318, 1, 'gp');
INSERT INTO costs (id, quantity, unit) VALUES (17179869319, 4, 'gp');
INSERT INTO costs (id, quantity, unit) VALUES (17179869320, 5, 'sp');
INSERT INTO costs (id, quantity, unit) VALUES (17179869321, 5, 'gp');
INSERT INTO costs (id, quantity, unit) VALUES (17179869322, 1, 'gp');
INSERT INTO costs (id, quantity, unit) VALUES (17179869323, 1, 'gp');
INSERT INTO costs (id, quantity, unit) VALUES (17179869324, 10, 'gp');
INSERT INTO costs (id, quantity, unit) VALUES (17179869325, 1, 'cp');
INSERT INTO costs (id, quantity, unit) VALUES (17179869326, 5, 'gp');
INSERT INTO costs (id, quantity, unit) VALUES (17179869327, 5, 'sp');
INSERT INTO costs (id, quantity, unit) VALUES (17179869328, 2, 'gp');
INSERT INTO costs (id, quantity, unit) VALUES (17179869329, 5, 'cp');
INSERT INTO costs (id, quantity, unit) VALUES (17179869330, 5, 'gp');
INSERT INTO costs (id, quantity, unit) VALUES (17179869331, 0, 'cp');
INSERT INTO costs (id, quantity, unit) VALUES (17179869332, 2, 'cp');
INSERT INTO costs (id, quantity, unit) VALUES (17179869333, 50, 'gp');
INSERT INTO costs (id, quantity, unit) VALUES (17179869334, 1, 'sp');
INSERT INTO costs (id, quantity, unit) VALUES (17179869335, 1000, 'gp');
INSERT INTO costs (id, quantity, unit) VALUES (17179869336, 0, 'cp');
INSERT INTO costs (id, quantity, unit) VALUES (17179869337, 2, 'gp');
INSERT INTO costs (id, quantity, unit) VALUES (17179869338, 5, 'sp');
INSERT INTO costs (id, quantity, unit) VALUES (17179869339, 1, 'cp');
INSERT INTO costs (id, quantity, unit) VALUES (17179869340, 0, 'cp');
INSERT INTO costs (id, quantity, unit) VALUES (17179869341, 1, 'gp');
INSERT INTO costs (id, quantity, unit) VALUES (17179869342, 2, 'sp');
INSERT INTO costs (id, quantity, unit) VALUES (17179869343, 1, 'cp');
INSERT INTO costs (id, quantity, unit) VALUES (17179869344, 16, 'gp');
INSERT INTO costs (id, quantity, unit) VALUES (17179869345, 39, 'gp');
INSERT INTO costs (id, quantity, unit) VALUES (17179869346, 12, 'gp');
INSERT INTO costs (id, quantity, unit) VALUES (17179869347, 40, 'gp');
INSERT INTO costs (id, quantity, unit) VALUES (17179869348, 10, 'gp');
INSERT INTO costs (id, quantity, unit) VALUES (17179869349, 19, 'gp');
INSERT INTO costs (id, quantity, unit) VALUES (17179869350, 40, 'gp');
INSERT INTO costs (id, quantity, unit) VALUES (17179869351, 50, 'gp');
INSERT INTO costs (id, quantity, unit) VALUES (17179869352, 20, 'gp');
INSERT INTO costs (id, quantity, unit) VALUES (17179869353, 10, 'gp');
INSERT INTO costs (id, quantity, unit) VALUES (17179869354, 8, 'gp');
INSERT INTO costs (id, quantity, unit) VALUES (17179869355, 15, 'gp');
INSERT INTO costs (id, quantity, unit) VALUES (17179869356, 5, 'gp');
INSERT INTO costs (id, quantity, unit) VALUES (17179869357, 1, 'gp');
INSERT INTO costs (id, quantity, unit) VALUES (17179869358, 30, 'gp');
INSERT INTO costs (id, quantity, unit) VALUES (17179869359, 25, 'gp');
INSERT INTO costs (id, quantity, unit) VALUES (17179869360, 5, 'gp');
INSERT INTO costs (id, quantity, unit) VALUES (17179869361, 10, 'gp');
INSERT INTO costs (id, quantity, unit) VALUES (17179869362, 10, 'gp');
INSERT INTO costs (id, quantity, unit) VALUES (17179869363, 10, 'gp');
INSERT INTO costs (id, quantity, unit) VALUES (17179869364, 20, 'gp');
INSERT INTO costs (id, quantity, unit) VALUES (17179869365, 50, 'gp');
INSERT INTO costs (id, quantity, unit) VALUES (17179869366, 1, 'gp');
INSERT INTO costs (id, quantity, unit) VALUES (17179869367, 1, 'gp');
INSERT INTO costs (id, quantity, unit) VALUES (17179869368, 1, 'sp');
INSERT INTO costs (id, quantity, unit) VALUES (17179869369, 5, 'sp');
INSERT INTO costs (id, quantity, unit) VALUES (17179869370, 30, 'gp');
INSERT INTO costs (id, quantity, unit) VALUES (17179869371, 6, 'gp');
INSERT INTO costs (id, quantity, unit) VALUES (17179869372, 25, 'gp');
INSERT INTO costs (id, quantity, unit) VALUES (17179869373, 2, 'gp');
INSERT INTO costs (id, quantity, unit) VALUES (17179869374, 35, 'gp');
INSERT INTO costs (id, quantity, unit) VALUES (17179869375, 30, 'gp');
INSERT INTO costs (id, quantity, unit) VALUES (17179869376, 3, 'gp');
INSERT INTO costs (id, quantity, unit) VALUES (17179869377, 12, 'gp');
INSERT INTO costs (id, quantity, unit) VALUES (17179869378, 2, 'gp');
INSERT INTO costs (id, quantity, unit) VALUES (17179869379, 30, 'gp');
INSERT INTO costs (id, quantity, unit) VALUES (17179869380, 25, 'gp');
INSERT INTO costs (id, quantity, unit) VALUES (17179869381, 25, 'gp');
INSERT INTO costs (id, quantity, unit) VALUES (17179869382, 50, 'gp');
INSERT INTO costs (id, quantity, unit) VALUES (17179869383, 8, 'gp');
INSERT INTO costs (id, quantity, unit) VALUES (17179869384, 8, 'gp');
INSERT INTO costs (id, quantity, unit) VALUES (17179869385, 200, 'gp');
INSERT INTO costs (id, quantity, unit) VALUES (17179869386, 50, 'gp');
INSERT INTO costs (id, quantity, unit) VALUES (17179869387, 75, 'gp');
INSERT INTO costs (id, quantity, unit) VALUES (17179869388, 25, 'gp');
INSERT INTO costs (id, quantity, unit) VALUES (17179869389, 30, 'gp');
INSERT INTO costs (id, quantity, unit) VALUES (17179869390, 400, 'gp');
INSERT INTO costs (id, quantity, unit) VALUES (17179869391, 20, 'gp');
INSERT INTO costs (id, quantity, unit) VALUES (17179869392, 40, 'gp');
INSERT INTO costs (id, quantity, unit) VALUES (17179869393, 180, 'gp');
INSERT INTO costs (id, quantity, unit) VALUES (17179869394, 40, 'gp');
INSERT INTO costs (id, quantity, unit) VALUES (17179869395, 200, 'gp');
INSERT INTO costs (id, quantity, unit) VALUES (17179869396, 200, 'gp');
INSERT INTO costs (id, quantity, unit) VALUES (17179869397, 1600, 'gp');
INSERT INTO costs (id, quantity, unit) VALUES (17179869398, 3000, 'gp');
INSERT INTO costs (id, quantity, unit) VALUES (17179869399, 12, 'gp');
INSERT INTO costs (id, quantity, unit) VALUES (17179869400, 300, 'gp');
INSERT INTO costs (id, quantity, unit) VALUES (17179869401, 800, 'gp');
INSERT INTO costs (id, quantity, unit) VALUES (17179869402, 6000, 'gp');
INSERT INTO costs (id, quantity, unit) VALUES (17179869403, 2, 'gp');
INSERT INTO costs (id, quantity, unit) VALUES (17179869404, 100, 'gp');
INSERT INTO costs (id, quantity, unit) VALUES (17179869405, 15, 'gp');
INSERT INTO costs (id, quantity, unit) VALUES (17179869406, 250, 'gp');
INSERT INTO costs (id, quantity, unit) VALUES (17179869407, 5, 'cp');
INSERT INTO costs (id, quantity, unit) VALUES (17179869408, 60, 'gp');
INSERT INTO costs (id, quantity, unit) VALUES (17179869409, 20, 'gp');
INSERT INTO costs (id, quantity, unit) VALUES (17179869410, 5, 'gp');
INSERT INTO costs (id, quantity, unit) VALUES (17179869411, 10, 'gp');
INSERT INTO costs (id, quantity, unit) VALUES (17179869412, 4, 'gp');
INSERT INTO costs (id, quantity, unit) VALUES (17179869413, 20, 'gp');
INSERT INTO costs (id, quantity, unit) VALUES (17179869414, 5, 'sp');
INSERT INTO costs (id, quantity, unit) VALUES (17179869415, 35, 'gp');
INSERT INTO costs (id, quantity, unit) VALUES (17179869416, 30000, 'gp');
INSERT INTO costs (id, quantity, unit) VALUES (17179869417, 3000, 'gp');
INSERT INTO costs (id, quantity, unit) VALUES (17179869418, 10000, 'gp');
INSERT INTO costs (id, quantity, unit) VALUES (17179869419, 50, 'gp');
INSERT INTO costs (id, quantity, unit) VALUES (17179869420, 10000, 'gp');
INSERT INTO costs (id, quantity, unit) VALUES (17179869421, 25000, 'gp');

INSERT INTO damage_types (id, indx, name, desc) VALUES (21474836481, 'acid', 'Acid', X'5B2254686520636F72726F73697665207370726179206F66206120626C61636B20647261676F6E27732062726561746820616E642074686520646973736F6C76696E6720656E7A796D6573207365637265746564206279206120626C61636B2070756464696E67206465616C20616369642064616D6167652E225D');
INSERT INTO damage_types (id, indx, name, desc) VALUES (21474836482, 'bludgeoning', 'Bludgeoning', X'5B22426C756E7420666F7263652061747461636B732C2066616C6C696E672C20636F6E737472696374696F6E2C20616E6420746865206C696B65206465616C20626C756467656F6E696E672064616D6167652E225D');
INSERT INTO damage_types (id, indx, name, desc) VALUES (21474836483, 'cold', 'Cold', X'5B2254686520696E6665726E616C206368696C6C20726164696174696E672066726F6D20616E2069636520646576696C277320737065617220616E64207468652066726967696420626C617374206F66206120776869746520647261676F6E277320627265617468206465616C20636F6C642064616D6167652E225D');
INSERT INTO damage_types (id, indx, name, desc) VALUES (21474836484, 'fire', 'Fire', X'5B2252656420647261676F6E73206272656174686520666972652C20616E64206D616E79207370656C6C7320636F6E6A75726520666C616D657320746F206465616C20666972652064616D6167652E225D');
INSERT INTO damage_types (id, indx, name, desc) VALUES (21474836485, 'force', 'Force', X'5B22466F7263652069732070757265206D61676963616C20656E6572677920666F637573656420696E746F20612064616D6167696E6720666F726D2E204D6F737420656666656374732074686174206465616C20666F7263652064616D61676520617265207370656C6C732C20696E636C7564696E67206D61676963206D697373696C6520616E642073706972697475616C20776561706F6E2E225D');
INSERT INTO damage_types (id, indx, name, desc) VALUES (21474836486, 'lightning', 'Lightning', X'5B2241206C696768746E696E6720626F6C74207370656C6C20616E64206120626C756520647261676F6E277320627265617468206465616C206C696768746E696E672064616D6167652E225D');
INSERT INTO damage_types (id, indx, name, desc) VALUES (21474836487, 'necrotic', 'Necrotic', X'5B224E6563726F7469632064616D6167652C206465616C74206279206365727461696E20756E6465616420616E642061207370656C6C2073756368206173206368696C6C20746F7563682C2077697468657273206D617474657220616E64206576656E2074686520736F756C2E225D');
INSERT INTO damage_types (id, indx, name, desc) VALUES (21474836488, 'piercing', 'Piercing', X'5B2250756E63747572696E6720616E6420696D70616C696E672061747461636B732C20696E636C7564696E672073706561727320616E64206D6F6E7374657273272062697465732C206465616C207069657263696E672064616D6167652E225D');
INSERT INTO damage_types (id, indx, name, desc) VALUES (21474836489, 'poison', 'Poison', X'5B2256656E6F6D6F7573207374696E677320616E642074686520746F78696320676173206F66206120677265656E20647261676F6E277320627265617468206465616C20706F69736F6E2064616D6167652E225D');
INSERT INTO damage_types (id, indx, name, desc) VALUES (21474836490, 'psychic', 'Psychic', X'5B224D656E74616C206162696C697469657320737563682061732061207073696F6E696320626C617374206465616C20707379636869632064616D6167652E225D');
INSERT INTO damage_types (id, indx, name, desc) VALUES (21474836491, 'radiant', 'Radiant', X'5B2252616469616E742064616D6167652C206465616C74206279206120636C65726963277320666C616D6520737472696B65207370656C6C206F7220616E20616E67656C277320736D6974696E6720776561706F6E2C2073656172732074686520666C657368206C696B65206669726520616E64206F7665726C6F6164732074686520737069726974207769746820706F7765722E225D');
INSERT INTO damage_types (id, indx, name, desc) VALUES (21474836492, 'slashing', 'Slashing', X'5B2253776F7264732C20617865732C20616E64206D6F6E73746572732720636C617773206465616C20736C617368696E672064616D6167652E225D');
INSERT INTO damage_types (id, indx, name, desc) VALUES (21474836493, 'thunder', 'Thunder', X'5B224120636F6E63757373697665206275727374206F6620736F756E642C20737563682061732074686520656666656374206F6620746865207468756E64657277617665207370656C6C2C206465616C73207468756E6465722064616D6167652E225D');

INSERT INTO equipment (id, indx, name, equipment_category, equipment_cost) VALUES (25769803777, 'club', 'Club', 'weapon', 17179869185);
INSERT INTO equipment (id, indx, name, equipment_category, equipment_cost) VALUES (25769803778, 'dagger', 'Dagger', 'weapon', 17179869186);
INSERT INTO equipment (id, indx, name, equipment_category, equipment_cost) VALUES (25769803779, 'greatclub', 'Greatclub', 'weapon', 17179869187);
INSERT INTO equipment (id, indx, name, equipment_category, equipment_cost) VALUES (25769803780, 'handaxe', 'Handaxe', 'weapon', 17179869188);
INSERT INTO equipment (id, indx, name, equipment_category, equipment_cost) VALUES (25769803781, 'javelin', 'Javelin', 'weapon', 17179869189);
INSERT INTO equipment (id, indx, name, equipment_category, equipment_cost) VALUES (25769803782, 'light-hammer', 'Light hammer', 'weapon', 17179869190);
INSERT INTO equipment (id, indx, name, equipment_category, equipment_cost) VALUES (25769803783, 'mace', 'Mace', 'weapon', 17179869191);
INSERT INTO equipment (id, indx, name, equipment_category, equipment_cost) VALUES (25769803784, 'quarterstaff', 'Quarterstaff', 'weapon', 17179869192);
INSERT INTO equipment (id, indx, name, equipment_category, equipment_cost) VALUES (25769803785, 'sickle', 'Sickle', 'weapon', 17179869193);
INSERT INTO equipment (id, indx, name, equipment_category, equipment_cost) VALUES (25769803786, 'spear', 'Spear', 'weapon', 17179869194);
INSERT INTO equipment (id, indx, name, equipment_category, equipment_cost) VALUES (25769803787, 'crossbow-light', 'Crossbow, light', 'weapon', 17179869195);
INSERT INTO equipment (id, indx, name, equipment_category, equipment_cost) VALUES (25769803788, 'dart', 'Dart', 'weapon', 17179869196);
INSERT INTO equipment (id, indx, name, equipment_category, equipment_cost) VALUES (25769803789, 'shortbow', 'Shortbow', 'weapon', 17179869197);
INSERT INTO equipment (id, indx, name, equipment_category, equipment_cost) VALUES (25769803790, 'sling', 'Sling', 'weapon', 17179869198);
INSERT INTO equipment (id, indx, name, equipment_category, equipment_cost) VALUES (25769803791, 'battleaxe', 'Battleaxe', 'weapon', 17179869199);
INSERT INTO equipment (id, indx, name, equipment_category, equipment_cost) VALUES (25769803792, 'flail', 'Flail', 'weapon', 17179869200);
INSERT INTO equipment (id, indx, name, equipment_category, equipment_cost) VALUES (25769803793, 'glaive', 'Glaive', 'weapon', 17179869201);
INSERT INTO equipment (id, indx, name, equipment_category, equipment_cost) VALUES (25769803794, 'greataxe', 'Greataxe', 'weapon', 17179869202);
INSERT INTO equipment (id, indx, name, equipment_category, equipment_cost) VALUES (25769803795, 'greatsword', 'Greatsword', 'weapon', 17179869203);
INSERT INTO equipment (id, indx, name, equipment_category, equipment_cost) VALUES (25769803796, 'halberd', 'Halberd', 'weapon', 17179869204);
INSERT INTO equipment (id, indx, name, equipment_category, equipment_cost) VALUES (25769803797, 'lance', 'Lance', 'weapon', 17179869205);
INSERT INTO equipment (id, indx, name, equipment_category, equipment_cost) VALUES (25769803798, 'longsword', 'Longsword', 'weapon', 17179869206);
INSERT INTO equipment (id, indx, name, equipment_category, equipment_cost) VALUES (25769803799, 'maul', 'Maul', 'weapon', 17179869207);
INSERT INTO equipment (id, indx, name, equipment_category, equipment_cost) VALUES (25769803800, 'morningstar', 'Morningstar', 'weapon', 17179869208);
INSERT INTO equipment (id, indx, name, equipment_category, equipment_cost) VALUES (25769803801, 'pike', 'Pike', 'weapon', 17179869209);
INSERT INTO equipment (id, indx, name, equipment_category, equipment_cost) VALUES (25769803802, 'rapier', 'Rapier', 'weapon', 17179869210);
INSERT INTO equipment (id, indx, name, equipment_category, equipment_cost) VALUES (25769803803, 'scimitar', 'Scimitar', 'weapon', 17179869211);
INSERT INTO equipment (id, indx, name, equipment_category, equipment_cost) VALUES (25769803804, 'shortsword', 'Shortsword', 'weapon', 17179869212);
INSERT INTO equipment (id, indx, name, equipment_category, equipment_cost) VALUES (25769803805, 'trident', 'Trident', 'weapon', 17179869213);
INSERT INTO equipment (id, indx, name, equipment_category, equipment_cost) VALUES (25769803806, 'war-pick', 'War pick', 'weapon', 17179869214);
INSERT INTO equipment (id, indx, name, equipment_category, equipment_cost) VALUES (25769803807, 'warhammer', 'Warhammer', 'weapon', 17179869215);
INSERT INTO equipment (id, indx, name, equipment_category, equipment_cost) VALUES (25769803808, 'whip', 'Whip', 'weapon', 17179869216);
INSERT INTO equipment (id, indx, name, equipment_category, equipment_cost) VALUES (25769803809, 'blowgun', 'Blowgun', 'weapon', 17179869217);
INSERT INTO equipment (id, indx, name, equipment_category, equipment_cost) VALUES (25769803810, 'crossbow-hand', 'Crossbow, hand', 'weapon', 17179869218);
INSERT INTO equipment (id, indx, name, equipment_category, equipment_cost) VALUES (25769803811, 'crossbow-heavy', 'Crossbow, heavy', 'weapon', 17179869219);
INSERT INTO equipment (id, indx, name, equipment_category, equipment_cost) VALUES (25769803812, 'longbow', 'Longbow', 'weapon', 17179869220);
INSERT INTO equipment (id, indx, name, equipment_category, equipment_cost) VALUES (25769803813, 'net', 'Net', 'weapon', 17179869221);
INSERT INTO equipment (id, indx, name, equipment_category, equipment_cost) VALUES (25769803814, 'padded-armor', 'Padded Armor', 'armor', 17179869222);
INSERT INTO equipment (id, indx, name, equipment_category, equipment_cost) VALUES (25769803815, 'leather-armor', 'Leather Armor', 'armor', 17179869223);
INSERT INTO equipment (id, indx, name, equipment_category, equipment_cost) VALUES (25769803816, 'studded-leather-armor', 'Studded Leather Armor', 'armor', 17179869224);
INSERT INTO equipment (id, indx, name, equipment_category, equipment_cost) VALUES (25769803817, 'hide-armor', 'Hide Armor', 'armor', 17179869225);
INSERT INTO equipment (id, indx, name, equipment_category, equipment_cost) VALUES (25769803818, 'chain-shirt', 'Chain Shirt', 'armor', 17179869226);
INSERT INTO equipment (id, indx, name, equipment_category, equipment_cost) VALUES (25769803819, 'scale-mail', 'Scale Mail', 'armor', 17179869227);
INSERT INTO equipment (id, indx, name, equipment_category, equipment_cost) VALUES (25769803820, 'breastplate', 'Breastplate', 'armor', 17179869228);
INSERT INTO equipment (id, indx, name, equipment_category, equipment_cost) VALUES (25769803821, 'half-plate-armor', 'Half Plate Armor', 'armor', 17179869229);
INSERT INTO equipment (id, indx, name, equipment_category, equipment_cost) VALUES (25769803822, 'ring-mail', 'Ring Mail', 'armor', 17179869230);
INSERT INTO equipment (id, indx, name, equipment_category, equipment_cost) VALUES (25769803823, 'chain-mail', 'Chain Mail', 'armor', 17179869231);
INSERT INTO equipment (id, indx, name, equipment_category, equipment_cost) VALUES (25769803824, 'splint-armor', 'Splint Armor', 'armor', 17179869232);
INSERT INTO equipment (id, indx, name, equipment_category, equipment_cost) VALUES (25769803825, 'plate-armor', 'Plate Armor', 'armor', 17179869233);
INSERT INTO equipment (id, indx, name, equipment_category, equipment_cost) VALUES (25769803826, 'shield', 'Shield', 'armor', 17179869234);
INSERT INTO equipment (id, indx, name, equipment_category, equipment_cost) VALUES (25769803827, 'abacus', 'Abacus', 'adventuring_gear', 17179869235);
INSERT INTO equipment (id, indx, name, equipment_category, equipment_cost) VALUES (25769803828, 'acid-vial', 'Acid (vial)', 'adventuring_gear', 17179869236);
INSERT INTO equipment (id, indx, name, equipment_category, equipment_cost) VALUES (25769803829, 'alchemists-fire-flask', 'Alchemist''s fire (flask)', 'adventuring_gear', 17179869237);
INSERT INTO equipment (id, indx, name, equipment_category, equipment_cost) VALUES (25769803830, 'alms-box', 'Alms box', 'adventuring_gear', 17179869238);
INSERT INTO equipment (id, indx, name, equipment_category, equipment_cost) VALUES (25769803831, 'arrow', 'Arrow', 'adventuring_gear', 17179869239);
INSERT INTO equipment (id, indx, name, equipment_category, equipment_cost) VALUES (25769803832, 'block-of-incense', 'Block of incense', 'adventuring_gear', 17179869240);
INSERT INTO equipment (id, indx, name, equipment_category, equipment_cost) VALUES (25769803833, 'blowgun-needle', 'Blowgun needle', 'adventuring_gear', 17179869241);
INSERT INTO equipment (id, indx, name, equipment_category, equipment_cost) VALUES (25769803834, 'censer', 'Censer', 'adventuring_gear', 17179869242);
INSERT INTO equipment (id, indx, name, equipment_category, equipment_cost) VALUES (25769803835, 'crossbow-bolt', 'Crossbow bolt', 'adventuring_gear', 17179869243);
INSERT INTO equipment (id, indx, name, equipment_category, equipment_cost) VALUES (25769803836, 'sling-bullet', 'Sling bullet', 'adventuring_gear', 17179869244);
INSERT INTO equipment (id, indx, name, equipment_category, equipment_cost) VALUES (25769803837, 'amulet', 'Amulet', 'adventuring_gear', 17179869245);
INSERT INTO equipment (id, indx, name, equipment_category, equipment_cost) VALUES (25769803838, 'antitoxin-vial', 'Antitoxin (vial)', 'adventuring_gear', 17179869246);
INSERT INTO equipment (id, indx, name, equipment_category, equipment_cost) VALUES (25769803839, 'crystal', 'Crystal', 'adventuring_gear', 17179869247);
INSERT INTO equipment (id, indx, name, equipment_category, equipment_cost) VALUES (25769803840, 'orb', 'Orb', 'adventuring_gear', 17179869248);
INSERT INTO equipment (id, indx, name, equipment_category, equipment_cost) VALUES (25769803841, 'rod', 'Rod', 'adventuring_gear', 17179869249);
INSERT INTO equipment (id, indx, name, equipment_category, equipment_cost) VALUES (25769803842, 'staff', 'Staff', 'adventuring_gear', 17179869250);
INSERT INTO equipment (id, indx, name, equipment_category, equipment_cost) VALUES (25769803843, 'wand', 'Wand', 'adventuring_gear', 17179869251);
INSERT INTO equipment (id, indx, name, equipment_category, equipment_cost) VALUES (25769803844, 'backpack', 'Backpack', 'adventuring_gear', 17179869252);
INSERT INTO equipment (id, indx, name, equipment_category, equipment_cost) VALUES (25769803845, 'ball-bearings-bag-of-1000', 'Ball bearings (bag of 1,000)', 'adventuring_gear', 17179869253);
INSERT INTO equipment (id, indx, name, equipment_category, equipment_cost) VALUES (25769803846, 'barrel', 'Barrel', 'adventuring_gear', 17179869254);
INSERT INTO equipment (id, indx, name, equipment_category, equipment_cost) VALUES (25769803847, 'basket', 'Basket', 'adventuring_gear', 17179869255);
INSERT INTO equipment (id, indx, name, equipment_category, equipment_cost) VALUES (25769803848, 'bedroll', 'Bedroll', 'adventuring_gear', 17179869256);
INSERT INTO equipment (id, indx, name, equipment_category, equipment_cost) VALUES (25769803849, 'bell', 'Bell', 'adventuring_gear', 17179869257);
INSERT INTO equipment (id, indx, name, equipment_category, equipment_cost) VALUES (25769803850, 'blanket', 'Blanket', 'adventuring_gear', 17179869258);
INSERT INTO equipment (id, indx, name, equipment_category, equipment_cost) VALUES (25769803851, 'block-and-tackle', 'Block and tackle', 'adventuring_gear', 17179869259);
INSERT INTO equipment (id, indx, name, equipment_category, equipment_cost) VALUES (25769803852, 'book', 'Book', 'adventuring_gear', 17179869260);
INSERT INTO equipment (id, indx, name, equipment_category, equipment_cost) VALUES (25769803853, 'bottle-glass', 'Bottle, glass', 'adventuring_gear', 17179869261);
INSERT INTO equipment (id, indx, name, equipment_category, equipment_cost) VALUES (25769803854, 'bucket', 'Bucket', 'adventuring_gear', 17179869262);
INSERT INTO equipment (id, indx, name, equipment_category, equipment_cost) VALUES (25769803855, 'caltrops', 'Caltrops', 'adventuring_gear', 17179869263);
INSERT INTO equipment (id, indx, name, equipment_category, equipment_cost) VALUES (25769803856, 'candle', 'Candle', 'adventuring_gear', 17179869264);
INSERT INTO equipment (id, indx, name, equipment_category, equipment_cost) VALUES (25769803857, 'case-crossbow-bolt', 'Case, crossbow bolt', 'adventuring_gear', 17179869265);
INSERT INTO equipment (id, indx, name, equipment_category, equipment_cost) VALUES (25769803858, 'case-map-or-scroll', 'Case, map or scroll', 'adventuring_gear', 17179869266);
INSERT INTO equipment (id, indx, name, equipment_category, equipment_cost) VALUES (25769803859, 'chain-10-feet', 'Chain (10 feet)', 'adventuring_gear', 17179869267);
INSERT INTO equipment (id, indx, name, equipment_category, equipment_cost) VALUES (25769803860, 'chalk-1-piece', 'Chalk (1 piece)', 'adventuring_gear', 17179869268);
INSERT INTO equipment (id, indx, name, equipment_category, equipment_cost) VALUES (25769803861, 'chest', 'Chest', 'adventuring_gear', 17179869269);
INSERT INTO equipment (id, indx, name, equipment_category, equipment_cost) VALUES (25769803862, 'clothes-common', 'Clothes, common', 'adventuring_gear', 17179869270);
INSERT INTO equipment (id, indx, name, equipment_category, equipment_cost) VALUES (25769803863, 'clothes-costume', 'Clothes, costume', 'adventuring_gear', 17179869271);
INSERT INTO equipment (id, indx, name, equipment_category, equipment_cost) VALUES (25769803864, 'clothes-fine', 'Clothes, fine', 'adventuring_gear', 17179869272);
INSERT INTO equipment (id, indx, name, equipment_category, equipment_cost) VALUES (25769803865, 'clothes-travelers', 'Clothes, traveler''s', 'adventuring_gear', 17179869273);
INSERT INTO equipment (id, indx, name, equipment_category, equipment_cost) VALUES (25769803866, 'component-pouch', 'Component pouch', 'adventuring_gear', 17179869274);
INSERT INTO equipment (id, indx, name, equipment_category, equipment_cost) VALUES (25769803867, 'crowbar', 'Crowbar', 'adventuring_gear', 17179869275);
INSERT INTO equipment (id, indx, name, equipment_category, equipment_cost) VALUES (25769803868, 'sprig-of-mistletoe', 'Sprig of mistletoe', 'adventuring_gear', 17179869276);
INSERT INTO equipment (id, indx, name, equipment_category, equipment_cost) VALUES (25769803869, 'totem', 'Totem', 'adventuring_gear', 17179869277);
INSERT INTO equipment (id, indx, name, equipment_category, equipment_cost) VALUES (25769803870, 'wooden-staff', 'Wooden staff', 'adventuring_gear', 17179869278);
INSERT INTO equipment (id, indx, name, equipment_category, equipment_cost) VALUES (25769803871, 'yew-wand', 'Yew wand', 'adventuring_gear', 17179869279);
INSERT INTO equipment (id, indx, name, equipment_category, equipment_cost) VALUES (25769803872, 'emblem', 'Emblem', 'adventuring_gear', 17179869280);
INSERT INTO equipment (id, indx, name, equipment_category, equipment_cost) VALUES (25769803873, 'fishing-tackle', 'Fishing tackle', 'adventuring_gear', 17179869281);
INSERT INTO equipment (id, indx, name, equipment_category, equipment_cost) VALUES (25769803874, 'flask-or-tankard', 'Flask or tankard', 'adventuring_gear', 17179869282);
INSERT INTO equipment (id, indx, name, equipment_category, equipment_cost) VALUES (25769803875, 'grappling-hook', 'Grappling hook', 'adventuring_gear', 17179869283);
INSERT INTO equipment (id, indx, name, equipment_category, equipment_cost) VALUES (25769803876, 'hammer', 'Hammer', 'adventuring_gear', 17179869284);
INSERT INTO equipment (id, indx, name, equipment_category, equipment_cost) VALUES (25769803877, 'hammer-sledge', 'Hammer, sledge', 'adventuring_gear', 17179869285);
INSERT INTO equipment (id, indx, name, equipment_category, equipment_cost) VALUES (25769803878, 'holy-water-flask', 'Holy water (flask)', 'adventuring_gear', 17179869286);
INSERT INTO equipment (id, indx, name, equipment_category, equipment_cost) VALUES (25769803879, 'hourglass', 'Hourglass', 'adventuring_gear', 17179869287);
INSERT INTO equipment (id, indx, name, equipment_category, equipment_cost) VALUES (25769803880, 'hunting-trap', 'Hunting trap', 'adventuring_gear', 17179869288);
INSERT INTO equipment (id, indx, name, equipment_category, equipment_cost) VALUES (25769803881, 'ink-1-ounce-bottle', 'Ink (1 ounce bottle)', 'adventuring_gear', 17179869289);
INSERT INTO equipment (id, indx, name, equipment_category, equipment_cost) VALUES (25769803882, 'ink-pen', 'Ink pen', 'adventuring_gear', 17179869290);
INSERT INTO equipment (id, indx, name, equipment_category, equipment_cost) VALUES (25769803883, 'jug-or-pitcher', 'Jug or pitcher', 'adventuring_gear', 17179869291);
INSERT INTO equipment (id, indx, name, equipment_category, equipment_cost) VALUES (25769803884, 'climbers-kit', 'Climber''s Kit', 'adventuring_gear', 17179869292);
INSERT INTO equipment (id, indx, name, equipment_category, equipment_cost) VALUES (25769803885, 'disguise-kit', 'Disguise Kit', 'adventuring_gear', 17179869293);
INSERT INTO equipment (id, indx, name, equipment_category, equipment_cost) VALUES (25769803886, 'forgery-kit', 'Forgery Kit', 'adventuring_gear', 17179869294);
INSERT INTO equipment (id, indx, name, equipment_category, equipment_cost) VALUES (25769803887, 'herbalism-kit', 'Herbalism Kit', 'adventuring_gear', 17179869295);
INSERT INTO equipment (id, indx, name, equipment_category, equipment_cost) VALUES (25769803888, 'healers-kit', 'Healer''s Kit', 'adventuring_gear', 17179869296);
INSERT INTO equipment (id, indx, name, equipment_category, equipment_cost) VALUES (25769803889, 'mess-kit', 'Mess Kit', 'adventuring_gear', 17179869297);
INSERT INTO equipment (id, indx, name, equipment_category, equipment_cost) VALUES (25769803890, 'poisoners-kit', 'Poisoner''s Kit', 'adventuring_gear', 17179869298);
INSERT INTO equipment (id, indx, name, equipment_category, equipment_cost) VALUES (25769803891, 'ladder-10-foot', 'Ladder (10-foot)', 'adventuring_gear', 17179869299);
INSERT INTO equipment (id, indx, name, equipment_category, equipment_cost) VALUES (25769803892, 'lamp', 'Lamp', 'adventuring_gear', 17179869300);
INSERT INTO equipment (id, indx, name, equipment_category, equipment_cost) VALUES (25769803893, 'lantern-bullseye', 'Lantern, bullseye', 'adventuring_gear', 17179869301);
INSERT INTO equipment (id, indx, name, equipment_category, equipment_cost) VALUES (25769803894, 'lantern-hooded', 'Lantern, hooded', 'adventuring_gear', 17179869302);
INSERT INTO equipment (id, indx, name, equipment_category, equipment_cost) VALUES (25769803895, 'little-bag-of-sand', 'Little bag of sand', 'adventuring_gear', 17179869303);
INSERT INTO equipment (id, indx, name, equipment_category, equipment_cost) VALUES (25769803896, 'lock', 'Lock', 'adventuring_gear', 17179869304);
INSERT INTO equipment (id, indx, name, equipment_category, equipment_cost) VALUES (25769803897, 'magnifying-glass', 'Magnifying glass', 'adventuring_gear', 17179869305);
INSERT INTO equipment (id, indx, name, equipment_category, equipment_cost) VALUES (25769803898, 'manacles', 'Manacles', 'adventuring_gear', 17179869306);
INSERT INTO equipment (id, indx, name, equipment_category, equipment_cost) VALUES (25769803899, 'mirror-steel', 'Mirror, steel', 'adventuring_gear', 17179869307);
INSERT INTO equipment (id, indx, name, equipment_category, equipment_cost) VALUES (25769803900, 'oil-flask', 'Oil (flask)', 'adventuring_gear', 17179869308);
INSERT INTO equipment (id, indx, name, equipment_category, equipment_cost) VALUES (25769803901, 'paper-one-sheet', 'Paper (one sheet)', 'adventuring_gear', 17179869309);
INSERT INTO equipment (id, indx, name, equipment_category, equipment_cost) VALUES (25769803902, 'parchment-one-sheet', 'Parchment (one sheet)', 'adventuring_gear', 17179869310);
INSERT INTO equipment (id, indx, name, equipment_category, equipment_cost) VALUES (25769803903, 'perfume-vial', 'Perfume (vial)', 'adventuring_gear', 17179869311);
INSERT INTO equipment (id, indx, name, equipment_category, equipment_cost) VALUES (25769803904, 'pick-miners', 'Pick, miner''s', 'adventuring_gear', 17179869312);
INSERT INTO equipment (id, indx, name, equipment_category, equipment_cost) VALUES (25769803905, 'piton', 'Piton', 'adventuring_gear', 17179869313);
INSERT INTO equipment (id, indx, name, equipment_category, equipment_cost) VALUES (25769803906, 'poison-basic-vial', 'Poison, basic (vial)', 'adventuring_gear', 17179869314);
INSERT INTO equipment (id, indx, name, equipment_category, equipment_cost) VALUES (25769803907, 'pole-10-foot', 'Pole (10-foot)', 'adventuring_gear', 17179869315);
INSERT INTO equipment (id, indx, name, equipment_category, equipment_cost) VALUES (25769803908, 'pot-iron', 'Pot, iron', 'adventuring_gear', 17179869316);
INSERT INTO equipment (id, indx, name, equipment_category, equipment_cost) VALUES (25769803909, 'pouch', 'Pouch', 'adventuring_gear', 17179869317);
INSERT INTO equipment (id, indx, name, equipment_category, equipment_cost) VALUES (25769803910, 'quiver', 'Quiver', 'adventuring_gear', 17179869318);
INSERT INTO equipment (id, indx, name, equipment_category, equipment_cost) VALUES (25769803911, 'ram-portable', 'Ram, portable', 'adventuring_gear', 17179869319);
INSERT INTO equipment (id, indx, name, equipment_category, equipment_cost) VALUES (25769803912, 'rations-1-day', 'Rations (1 day)', 'adventuring_gear', 17179869320);
INSERT INTO equipment (id, indx, name, equipment_category, equipment_cost) VALUES (25769803913, 'reliquary', 'Reliquary', 'adventuring_gear', 17179869321);
INSERT INTO equipment (id, indx, name, equipment_category, equipment_cost) VALUES (25769803914, 'robes', 'Robes', 'adventuring_gear', 17179869322);
INSERT INTO equipment (id, indx, name, equipment_category, equipment_cost) VALUES (25769803915, 'rope-hempen-50-feet', 'Rope, hempen (50 feet)', 'adventuring_gear', 17179869323);
INSERT INTO equipment (id, indx, name, equipment_category, equipment_cost) VALUES (25769803916, 'rope-silk-50-feet', 'Rope, silk (50 feet)', 'adventuring_gear', 17179869324);
INSERT INTO equipment (id, indx, name, equipment_category, equipment_cost) VALUES (25769803917, 'sack', 'Sack', 'adventuring_gear', 17179869325);
INSERT INTO equipment (id, indx, name, equipment_category, equipment_cost) VALUES (25769803918, 'scale-merchants', 'Scale, merchant''s', 'adventuring_gear', 17179869326);
INSERT INTO equipment (id, indx, name, equipment_category, equipment_cost) VALUES (25769803919, 'sealing-wax', 'Sealing wax', 'adventuring_gear', 17179869327);
INSERT INTO equipment (id, indx, name, equipment_category, equipment_cost) VALUES (25769803920, 'shovel', 'Shovel', 'adventuring_gear', 17179869328);
INSERT INTO equipment (id, indx, name, equipment_category, equipment_cost) VALUES (25769803921, 'signal-whistle', 'Signal whistle', 'adventuring_gear', 17179869329);
INSERT INTO equipment (id, indx, name, equipment_category, equipment_cost) VALUES (25769803922, 'signet-ring', 'Signet ring', 'adventuring_gear', 17179869330);
INSERT INTO equipment (id, indx, name, equipment_category, equipment_cost) VALUES (25769803923, 'small-knife', 'Small knife', 'adventuring_gear', 17179869331);
INSERT INTO equipment (id, indx, name, equipment_category, equipment_cost) VALUES (25769803924, 'soap', 'Soap', 'adventuring_gear', 17179869332);
INSERT INTO equipment (id, indx, name, equipment_category, equipment_cost) VALUES (25769803925, 'spellbook', 'Spellbook', 'adventuring_gear', 17179869333);
INSERT INTO equipment (id, indx, name, equipment_category, equipment_cost) VALUES (25769803926, 'spike-iron', 'Spike, iron', 'adventuring_gear', 17179869334);
INSERT INTO equipment (id, indx, name, equipment_category, equipment_cost) VALUES (25769803927, 'spyglass', 'Spyglass', 'adventuring_gear', 17179869335);
INSERT INTO equipment (id, indx, name, equipment_category, equipment_cost) VALUES (25769803928, 'string-10-feet', 'String (10 feet)', 'adventuring_gear', 17179869336);
INSERT INTO equipment (id, indx, name, equipment_category, equipment_cost) VALUES (25769803929, 'tent-two-person', 'Tent, two-person', 'adventuring_gear', 17179869337);
INSERT INTO equipment (id, indx, name, equipment_category, equipment_cost) VALUES (25769803930, 'tinderbox', 'Tinderbox', 'adventuring_gear', 17179869338);
INSERT INTO equipment (id, indx, name, equipment_category, equipment_cost) VALUES (25769803931, 'torch', 'Torch', 'adventuring_gear', 17179869339);
INSERT INTO equipment (id, indx, name, equipment_category, equipment_cost) VALUES (25769803932, 'vestments', 'Vestments', 'adventuring_gear', 17179869340);
INSERT INTO equipment (id, indx, name, equipment_category, equipment_cost) VALUES (25769803933, 'vial', 'Vial', 'adventuring_gear', 17179869341);
INSERT INTO equipment (id, indx, name, equipment_category, equipment_cost) VALUES (25769803934, 'waterskin', 'Waterskin', 'adventuring_gear', 17179869342);
INSERT INTO equipment (id, indx, name, equipment_category, equipment_cost) VALUES (25769803935, 'whetstone', 'Whetstone', 'adventuring_gear', 17179869343);
INSERT INTO equipment (id, indx, name, equipment_category, equipment_cost) VALUES (25769803936, 'burglars-pack', 'Burglar''s Pack', 'adventuring_gear', 17179869344);
INSERT INTO equipment (id, indx, name, equipment_category, equipment_cost) VALUES (25769803937, 'diplomats-pack', 'Diplomat''s Pack', 'adventuring_gear', 17179869345);
INSERT INTO equipment (id, indx, name, equipment_category, equipment_cost) VALUES (25769803938, 'dungeoneers-pack', 'Dungeoneer''s Pack', 'adventuring_gear', 17179869346);
INSERT INTO equipment (id, indx, name, equipment_category, equipment_cost) VALUES (25769803939, 'entertainers-pack', 'Entertainer''s Pack', 'adventuring_gear', 17179869347);
INSERT INTO equipment (id, indx, name, equipment_category, equipment_cost) VALUES (25769803940, 'explorers-pack', 'Explorer''s Pack', 'adventuring_gear', 17179869348);
INSERT INTO equipment (id, indx, name, equipment_category, equipment_cost) VALUES (25769803941, 'priests-pack', 'Priest''s Pack', 'adventuring_gear', 17179869349);
INSERT INTO equipment (id, indx, name, equipment_category, equipment_cost) VALUES (25769803942, 'scholars-pack', 'Scholar''s Pack', 'adventuring_gear', 17179869350);
INSERT INTO equipment (id, indx, name, equipment_category, equipment_cost) VALUES (25769803943, 'alchemists-supplies', 'Alchemist''s Supplies', 'tools', 17179869351);
INSERT INTO equipment (id, indx, name, equipment_category, equipment_cost) VALUES (25769803944, 'brewers-supplies', 'Brewer''s Supplies', 'tools', 17179869352);
INSERT INTO equipment (id, indx, name, equipment_category, equipment_cost) VALUES (25769803945, 'calligraphers-supplies', 'Calligrapher''s Supplies', 'tools', 17179869353);
INSERT INTO equipment (id, indx, name, equipment_category, equipment_cost) VALUES (25769803946, 'carpenters-tools', 'Carpenter''s Tools', 'tools', 17179869354);
INSERT INTO equipment (id, indx, name, equipment_category, equipment_cost) VALUES (25769803947, 'cartographers-tools', 'Cartographer''s Tools', 'tools', 17179869355);
INSERT INTO equipment (id, indx, name, equipment_category, equipment_cost) VALUES (25769803948, 'cobblers-tools', 'Cobbler''s Tools', 'tools', 17179869356);
INSERT INTO equipment (id, indx, name, equipment_category, equipment_cost) VALUES (25769803949, 'cooks-utensils', 'Cook''s utensils', 'tools', 17179869357);
INSERT INTO equipment (id, indx, name, equipment_category, equipment_cost) VALUES (25769803950, 'glassblowers-tools', 'Glassblower''s Tools', 'tools', 17179869358);
INSERT INTO equipment (id, indx, name, equipment_category, equipment_cost) VALUES (25769803951, 'jewelers-tools', 'Jeweler''s Tools', 'tools', 17179869359);
INSERT INTO equipment (id, indx, name, equipment_category, equipment_cost) VALUES (25769803952, 'leatherworkers-tools', 'Leatherworker''s Tools', 'tools', 17179869360);
INSERT INTO equipment (id, indx, name, equipment_category, equipment_cost) VALUES (25769803953, 'masons-tools', 'Mason''s Tools', 'tools', 17179869361);
INSERT INTO equipment (id, indx, name, equipment_category, equipment_cost) VALUES (25769803954, 'painters-supplies', 'Painter''s Supplies', 'tools', 17179869362);
INSERT INTO equipment (id, indx, name, equipment_category, equipment_cost) VALUES (25769803955, 'potters-tools', 'Potter''s Tools', 'tools', 17179869363);
INSERT INTO equipment (id, indx, name, equipment_category, equipment_cost) VALUES (25769803956, 'smiths-tools', 'Smith''s Tools', 'tools', 17179869364);
INSERT INTO equipment (id, indx, name, equipment_category, equipment_cost) VALUES (25769803957, 'tinkers-tools', 'Tinker''s Tools', 'tools', 17179869365);
INSERT INTO equipment (id, indx, name, equipment_category, equipment_cost) VALUES (25769803958, 'weavers-tools', 'Weaver''s Tools', 'tools', 17179869366);
INSERT INTO equipment (id, indx, name, equipment_category, equipment_cost) VALUES (25769803959, 'woodcarvers-tools', 'Woodcarver''s Tools', 'tools', 17179869367);
INSERT INTO equipment (id, indx, name, equipment_category, equipment_cost) VALUES (25769803960, 'dice-set', 'Dice Set', 'tools', 17179869368);
INSERT INTO equipment (id, indx, name, equipment_category, equipment_cost) VALUES (25769803961, 'playing-card-set', 'Playing Card Set', 'tools', 17179869369);
INSERT INTO equipment (id, indx, name, equipment_category, equipment_cost) VALUES (25769803962, 'bagpipes', 'Bagpipes', 'tools', 17179869370);
INSERT INTO equipment (id, indx, name, equipment_category, equipment_cost) VALUES (25769803963, 'drum', 'Drum', 'tools', 17179869371);
INSERT INTO equipment (id, indx, name, equipment_category, equipment_cost) VALUES (25769803964, 'dulcimer', 'Dulcimer', 'tools', 17179869372);
INSERT INTO equipment (id, indx, name, equipment_category, equipment_cost) VALUES (25769803965, 'flute', 'Flute', 'tools', 17179869373);
INSERT INTO equipment (id, indx, name, equipment_category, equipment_cost) VALUES (25769803966, 'lute', 'Lute', 'tools', 17179869374);
INSERT INTO equipment (id, indx, name, equipment_category, equipment_cost) VALUES (25769803967, 'lyre', 'Lyre', 'tools', 17179869375);
INSERT INTO equipment (id, indx, name, equipment_category, equipment_cost) VALUES (25769803968, 'horn', 'Horn', 'tools', 17179869376);
INSERT INTO equipment (id, indx, name, equipment_category, equipment_cost) VALUES (25769803969, 'pan-flute', 'Pan flute', 'tools', 17179869377);
INSERT INTO equipment (id, indx, name, equipment_category, equipment_cost) VALUES (25769803970, 'shawm', 'Shawm', 'tools', 17179869378);
INSERT INTO equipment (id, indx, name, equipment_category, equipment_cost) VALUES (25769803971, 'viol', 'Viol', 'tools', 17179869379);
INSERT INTO equipment (id, indx, name, equipment_category, equipment_cost) VALUES (25769803972, 'navigators-tools', 'Navigator''s Tools', 'tools', 17179869380);
INSERT INTO equipment (id, indx, name, equipment_category, equipment_cost) VALUES (25769803973, 'thieves-tools', 'Thieves'' Tools', 'tools', 17179869381);
INSERT INTO equipment (id, indx, name, equipment_category, equipment_cost) VALUES (25769803974, 'camel', 'Camel', 'mounts_and_vehicles', 17179869382);
INSERT INTO equipment (id, indx, name, equipment_category, equipment_cost) VALUES (25769803975, 'donkey', 'Donkey', 'mounts_and_vehicles', 17179869383);
INSERT INTO equipment (id, indx, name, equipment_category, equipment_cost) VALUES (25769803976, 'mule', 'Mule', 'mounts_and_vehicles', 17179869384);
INSERT INTO equipment (id, indx, name, equipment_category, equipment_cost) VALUES (25769803977, 'elephant', 'Elephant', 'mounts_and_vehicles', 17179869385);
INSERT INTO equipment (id, indx, name, equipment_category, equipment_cost) VALUES (25769803978, 'horse-draft', 'Horse, draft', 'mounts_and_vehicles', 17179869386);
INSERT INTO equipment (id, indx, name, equipment_category, equipment_cost) VALUES (25769803979, 'horse-riding', 'Horse, riding', 'mounts_and_vehicles', 17179869387);
INSERT INTO equipment (id, indx, name, equipment_category, equipment_cost) VALUES (25769803980, 'mastiff', 'Mastiff', 'mounts_and_vehicles', 17179869388);
INSERT INTO equipment (id, indx, name, equipment_category, equipment_cost) VALUES (25769803981, 'pony', 'Pony', 'mounts_and_vehicles', 17179869389);
INSERT INTO equipment (id, indx, name, equipment_category, equipment_cost) VALUES (25769803982, 'warhorse', 'Warhorse', 'mounts_and_vehicles', 17179869390);
INSERT INTO equipment (id, indx, name, equipment_category, equipment_cost) VALUES (25769803983, 'barding-padded', 'Barding: Padded', 'mounts_and_vehicles', 17179869391);
INSERT INTO equipment (id, indx, name, equipment_category, equipment_cost) VALUES (25769803984, 'barding-leather', 'Barding: Leather', 'mounts_and_vehicles', 17179869392);
INSERT INTO equipment (id, indx, name, equipment_category, equipment_cost) VALUES (25769803985, 'barding-studded-leather', 'Barding: Studded Leather', 'mounts_and_vehicles', 17179869393);
INSERT INTO equipment (id, indx, name, equipment_category, equipment_cost) VALUES (25769803986, 'barding-hide', 'Barding: Hide', 'mounts_and_vehicles', 17179869394);
INSERT INTO equipment (id, indx, name, equipment_category, equipment_cost) VALUES (25769803987, 'barding-chain-shirt', 'Barding: Chain shirt', 'mounts_and_vehicles', 17179869395);
INSERT INTO equipment (id, indx, name, equipment_category, equipment_cost) VALUES (25769803988, 'barding-scale-mail', 'Barding: Scale mail', 'mounts_and_vehicles', 17179869396);
INSERT INTO equipment (id, indx, name, equipment_category, equipment_cost) VALUES (25769803989, 'barding-breastplate', 'Barding: Breastplate', 'mounts_and_vehicles', 17179869397);
INSERT INTO equipment (id, indx, name, equipment_category, equipment_cost) VALUES (25769803990, 'barding-half-plate', 'Barding: Half plate', 'mounts_and_vehicles', 17179869398);
INSERT INTO equipment (id, indx, name, equipment_category, equipment_cost) VALUES (25769803991, 'barding-ring-mail', 'Barding: Ring mail', 'mounts_and_vehicles', 17179869399);
INSERT INTO equipment (id, indx, name, equipment_category, equipment_cost) VALUES (25769803992, 'barding-chain-mail', 'Barding: Chain mail', 'mounts_and_vehicles', 17179869400);
INSERT INTO equipment (id, indx, name, equipment_category, equipment_cost) VALUES (25769803993, 'barding-splint', 'Barding: Splint', 'mounts_and_vehicles', 17179869401);
INSERT INTO equipment (id, indx, name, equipment_category, equipment_cost) VALUES (25769803994, 'barding-plate', 'Barding: Plate', 'mounts_and_vehicles', 17179869402);
INSERT INTO equipment (id, indx, name, equipment_category, equipment_cost) VALUES (25769803995, 'bit-and-bridle', 'Bit and bridle', 'mounts_and_vehicles', 17179869403);
INSERT INTO equipment (id, indx, name, equipment_category, equipment_cost) VALUES (25769803996, 'carriage', 'Carriage', 'mounts_and_vehicles', 17179869404);
INSERT INTO equipment (id, indx, name, equipment_category, equipment_cost) VALUES (25769803997, 'cart', 'Cart', 'mounts_and_vehicles', 17179869405);
INSERT INTO equipment (id, indx, name, equipment_category, equipment_cost) VALUES (25769803998, 'chariot', 'Chariot', 'mounts_and_vehicles', 17179869406);
INSERT INTO equipment (id, indx, name, equipment_category, equipment_cost) VALUES (25769803999, 'animal-feed-1-day', 'Animal Feed (1 day)', 'mounts_and_vehicles', 17179869407);
INSERT INTO equipment (id, indx, name, equipment_category, equipment_cost) VALUES (25769804000, 'saddle-exotic', 'Saddle, Exotic', 'mounts_and_vehicles', 17179869408);
INSERT INTO equipment (id, indx, name, equipment_category, equipment_cost) VALUES (25769804001, 'saddle-military', 'Saddle, Military', 'mounts_and_vehicles', 17179869409);
INSERT INTO equipment (id, indx, name, equipment_category, equipment_cost) VALUES (25769804002, 'saddle-pack', 'Saddle, Pack', 'mounts_and_vehicles', 17179869410);
INSERT INTO equipment (id, indx, name, equipment_category, equipment_cost) VALUES (25769804003, 'saddle-riding', 'Saddle, Riding', 'mounts_and_vehicles', 17179869411);
INSERT INTO equipment (id, indx, name, equipment_category, equipment_cost) VALUES (25769804004, 'saddlebags', 'Saddlebags', 'mounts_and_vehicles', 17179869412);
INSERT INTO equipment (id, indx, name, equipment_category, equipment_cost) VALUES (25769804005, 'sled', 'Sled', 'mounts_and_vehicles', 17179869413);
INSERT INTO equipment (id, indx, name, equipment_category, equipment_cost) VALUES (25769804006, 'stabling-1-day', 'Stabling (1 day)', 'mounts_and_vehicles', 17179869414);
INSERT INTO equipment (id, indx, name, equipment_category, equipment_cost) VALUES (25769804007, 'wagon', 'Wagon', 'mounts_and_vehicles', 17179869415);
INSERT INTO equipment (id, indx, name, equipment_category, equipment_cost) VALUES (25769804008, 'galley', 'Galley', 'mounts_and_vehicles', 17179869416);
INSERT INTO equipment (id, indx, name, equipment_category, equipment_cost) VALUES (25769804009, 'keelboat', 'Keelboat', 'mounts_and_vehicles', 17179869417);
INSERT INTO equipment (id, indx, name, equipment_category, equipment_cost) VALUES (25769804010, 'longship', 'Longship', 'mounts_and_vehicles', 17179869418);
INSERT INTO equipment (id, indx, name, equipment_category, equipment_cost) VALUES (25769804011, 'rowboat', 'Rowboat', 'mounts_and_vehicles', 17179869419);
INSERT INTO equipment (id, indx, name, equipment_category, equipment_cost) VALUES (25769804012, 'sailing-ship', 'Sailing ship', 'mounts_and_vehicles', 17179869420);
INSERT INTO equipment (id, indx, name, equipment_category, equipment_cost) VALUES (25769804013, 'warship', 'Warship', 'mounts_and_vehicles', 17179869421);

INSERT INTO gears (id, indx, name, gear_category, desc, quantity, equipment_id) VALUES (30064771073, 'abacus', 'Abacus', 'standard_gear', X'6E756C6C', 0, 25769803827);
INSERT INTO gears (id, indx, name, gear_category, desc, quantity, equipment_id) VALUES (30064771074, 'acid-vial', 'Acid (vial)', 'standard_gear', X'6E756C6C', 0, 25769803828);
INSERT INTO gears (id, indx, name, gear_category, desc, quantity, equipment_id) VALUES (30064771075, 'alchemists-fire-flask', 'Alchemist''s fire (flask)', 'standard_gear', X'6E756C6C', 0, 25769803829);
INSERT INTO gears (id, indx, name, gear_category, desc, quantity, equipment_id) VALUES (30064771076, 'alms-box', 'Alms box', 'standard_gear', X'6E756C6C', 0, 25769803830);
INSERT INTO gears (id, indx, name, gear_category, desc, quantity, equipment_id) VALUES (30064771077, 'arrow', 'Arrow', 'ammunition', X'6E756C6C', 20, 25769803831);
INSERT INTO gears (id, indx, name, gear_category, desc, quantity, equipment_id) VALUES (30064771078, 'block-of-incense', 'Block of incense', 'standard_gear', X'6E756C6C', 0, 25769803832);
INSERT INTO gears (id, indx, name, gear_category, desc, quantity, equipment_id) VALUES (30064771079, 'blowgun-needle', 'Blowgun needle', 'ammunition', X'6E756C6C', 50, 25769803833);
INSERT INTO gears (id, indx, name, gear_category, desc, quantity, equipment_id) VALUES (30064771080, 'censer', 'Censer', 'standard_gear', X'6E756C6C', 0, 25769803834);
INSERT INTO gears (id, indx, name, gear_category, desc, quantity, equipment_id) VALUES (30064771081, 'crossbow-bolt', 'Crossbow bolt', 'ammunition', X'6E756C6C', 20, 25769803835);
INSERT INTO gears (id, indx, name, gear_category, desc, quantity, equipment_id) VALUES (30064771082, 'sling-bullet', 'Sling bullet', 'ammunition', X'6E756C6C', 20, 25769803836);
INSERT INTO gears (id, indx, name, gear_category, desc, quantity, equipment_id) VALUES (30064771083, 'amulet', 'Amulet', 'holy_symbols', X'6E756C6C', 0, 25769803837);
INSERT INTO gears (id, indx, name, gear_category, desc, quantity, equipment_id) VALUES (30064771084, 'antitoxin-vial', 'Antitoxin (vial)', 'standard_gear', X'6E756C6C', 0, 25769803838);
INSERT INTO gears (id, indx, name, gear_category, desc, quantity, equipment_id) VALUES (30064771085, 'crystal', 'Crystal', 'arcane_foci', X'6E756C6C', 0, 25769803839);
INSERT INTO gears (id, indx, name, gear_category, desc, quantity, equipment_id) VALUES (30064771086, 'orb', 'Orb', 'arcane_foci', X'6E756C6C', 0, 25769803840);
INSERT INTO gears (id, indx, name, gear_category, desc, quantity, equipment_id) VALUES (30064771087, 'rod', 'Rod', 'arcane_foci', X'6E756C6C', 0, 25769803841);
INSERT INTO gears (id, indx, name, gear_category, desc, quantity, equipment_id) VALUES (30064771088, 'staff', 'Staff', 'arcane_foci', X'6E756C6C', 0, 25769803842);
INSERT INTO gears (id, indx, name, gear_category, desc, quantity, equipment_id) VALUES (30064771089, 'wand', 'Wand', 'arcane_foci', X'6E756C6C', 0, 25769803843);
INSERT INTO gears (id, indx, name, gear_category, desc, quantity, equipment_id) VALUES (30064771090, 'backpack', 'Backpack', 'standard_gear', X'6E756C6C', 0, 25769803844);
INSERT INTO gears (id, indx, name, gear_category, desc, quantity, equipment_id) VALUES (30064771091, 'ball-bearings-bag-of-1000', 'Ball bearings (bag of 1,000)', 'standard_gear', X'6E756C6C', 0, 25769803845);
INSERT INTO gears (id, indx, name, gear_category, desc, quantity, equipment_id) VALUES (30064771092, 'barrel', 'Barrel', 'standard_gear', X'6E756C6C', 0, 25769803846);
INSERT INTO gears (id, indx, name, gear_category, desc, quantity, equipment_id) VALUES (30064771093, 'basket', 'Basket', 'standard_gear', X'6E756C6C', 0, 25769803847);
INSERT INTO gears (id, indx, name, gear_category, desc, quantity, equipment_id) VALUES (30064771094, 'bedroll', 'Bedroll', 'standard_gear', X'6E756C6C', 0, 25769803848);
INSERT INTO gears (id, indx, name, gear_category, desc, quantity, equipment_id) VALUES (30064771095, 'bell', 'Bell', 'standard_gear', X'6E756C6C', 0, 25769803849);
INSERT INTO gears (id, indx, name, gear_category, desc, quantity, equipment_id) VALUES (30064771096, 'blanket', 'Blanket', 'standard_gear', X'6E756C6C', 0, 25769803850);
INSERT INTO gears (id, indx, name, gear_category, desc, quantity, equipment_id) VALUES (30064771097, 'block-and-tackle', 'Block and tackle', 'standard_gear', X'6E756C6C', 0, 25769803851);
INSERT INTO gears (id, indx, name, gear_category, desc, quantity, equipment_id) VALUES (30064771098, 'book', 'Book', 'standard_gear', X'6E756C6C', 0, 25769803852);
INSERT INTO gears (id, indx, name, gear_category, desc, quantity, equipment_id) VALUES (30064771099, 'bottle-glass', 'Bottle, glass', 'standard_gear', X'6E756C6C', 0, 25769803853);
INSERT INTO gears (id, indx, name, gear_category, desc, quantity, equipment_id) VALUES (30064771100, 'bucket', 'Bucket', 'standard_gear', X'6E756C6C', 0, 25769803854);
INSERT INTO gears (id, indx, name, gear_category, desc, quantity, equipment_id) VALUES (30064771101, 'caltrops', 'Caltrops', 'standard_gear', X'6E756C6C', 0, 25769803855);
INSERT INTO gears (id, indx, name, gear_category, desc, quantity, equipment_id) VALUES (30064771102, 'candle', 'Candle', 'standard_gear', X'6E756C6C', 0, 25769803856);
INSERT INTO gears (id, indx, name, gear_category, desc, quantity, equipment_id) VALUES (30064771103, 'case-crossbow-bolt', 'Case, crossbow bolt', 'standard_gear', X'6E756C6C', 0, 25769803857);
INSERT INTO gears (id, indx, name, gear_category, desc, quantity, equipment_id) VALUES (30064771104, 'case-map-or-scroll', 'Case, map or scroll', 'standard_gear', X'6E756C6C', 0, 25769803858);
INSERT INTO gears (id, indx, name, gear_category, desc, quantity, equipment_id) VALUES (30064771105, 'chain-10-feet', 'Chain (10 feet)', 'standard_gear', X'6E756C6C', 0, 25769803859);
INSERT INTO gears (id, indx, name, gear_category, desc, quantity, equipment_id) VALUES (30064771106, 'chalk-1-piece', 'Chalk (1 piece)', 'standard_gear', X'6E756C6C', 0, 25769803860);
INSERT INTO gears (id, indx, name, gear_category, desc, quantity, equipment_id) VALUES (30064771107, 'chest', 'Chest', 'standard_gear', X'6E756C6C', 0, 25769803861);
INSERT INTO gears (id, indx, name, gear_category, desc, quantity, equipment_id) VALUES (30064771108, 'clothes-common', 'Clothes, common', 'standard_gear', X'6E756C6C', 0, 25769803862);
INSERT INTO gears (id, indx, name, gear_category, desc, quantity, equipment_id) VALUES (30064771109, 'clothes-costume', 'Clothes, costume', 'standard_gear', X'6E756C6C', 0, 25769803863);
INSERT INTO gears (id, indx, name, gear_category, desc, quantity, equipment_id) VALUES (30064771110, 'clothes-fine', 'Clothes, fine', 'standard_gear', X'6E756C6C', 0, 25769803864);
INSERT INTO gears (id, indx, name, gear_category, desc, quantity, equipment_id) VALUES (30064771111, 'clothes-travelers', 'Clothes, traveler''s', 'standard_gear', X'6E756C6C', 0, 25769803865);
INSERT INTO gears (id, indx, name, gear_category, desc, quantity, equipment_id) VALUES (30064771112, 'component-pouch', 'Component pouch', 'standard_gear', X'6E756C6C', 0, 25769803866);
INSERT INTO gears (id, indx, name, gear_category, desc, quantity, equipment_id) VALUES (30064771113, 'crowbar', 'Crowbar', 'standard_gear', X'6E756C6C', 0, 25769803867);
INSERT INTO gears (id, indx, name, gear_category, desc, quantity, equipment_id) VALUES (30064771114, 'sprig-of-mistletoe', 'Sprig of mistletoe', 'druidic_foci', X'6E756C6C', 0, 25769803868);
INSERT INTO gears (id, indx, name, gear_category, desc, quantity, equipment_id) VALUES (30064771115, 'totem', 'Totem', 'druidic_foci', X'6E756C6C', 0, 25769803869);
INSERT INTO gears (id, indx, name, gear_category, desc, quantity, equipment_id) VALUES (30064771116, 'wooden-staff', 'Wooden staff', 'druidic_foci', X'6E756C6C', 0, 25769803870);
INSERT INTO gears (id, indx, name, gear_category, desc, quantity, equipment_id) VALUES (30064771117, 'yew-wand', 'Yew wand', 'druidic_foci', X'6E756C6C', 0, 25769803871);
INSERT INTO gears (id, indx, name, gear_category, desc, quantity, equipment_id) VALUES (30064771118, 'emblem', 'Emblem', 'holy_symbols', X'6E756C6C', 0, 25769803872);
INSERT INTO gears (id, indx, name, gear_category, desc, quantity, equipment_id) VALUES (30064771119, 'fishing-tackle', 'Fishing tackle', 'standard_gear', X'6E756C6C', 0, 25769803873);
INSERT INTO gears (id, indx, name, gear_category, desc, quantity, equipment_id) VALUES (30064771120, 'flask-or-tankard', 'Flask or tankard', 'standard_gear', X'6E756C6C', 0, 25769803874);
INSERT INTO gears (id, indx, name, gear_category, desc, quantity, equipment_id) VALUES (30064771121, 'grappling-hook', 'Grappling hook', 'standard_gear', X'6E756C6C', 0, 25769803875);
INSERT INTO gears (id, indx, name, gear_category, desc, quantity, equipment_id) VALUES (30064771122, 'hammer', 'Hammer', 'standard_gear', X'6E756C6C', 0, 25769803876);
INSERT INTO gears (id, indx, name, gear_category, desc, quantity, equipment_id) VALUES (30064771123, 'hammer-sledge', 'Hammer, sledge', 'standard_gear', X'6E756C6C', 0, 25769803877);
INSERT INTO gears (id, indx, name, gear_category, desc, quantity, equipment_id) VALUES (30064771124, 'holy-water-flask', 'Holy water (flask)', 'standard_gear', X'6E756C6C', 0, 25769803878);
INSERT INTO gears (id, indx, name, gear_category, desc, quantity, equipment_id) VALUES (30064771125, 'hourglass', 'Hourglass', 'standard_gear', X'6E756C6C', 0, 25769803879);
INSERT INTO gears (id, indx, name, gear_category, desc, quantity, equipment_id) VALUES (30064771126, 'hunting-trap', 'Hunting trap', 'standard_gear', X'6E756C6C', 0, 25769803880);
INSERT INTO gears (id, indx, name, gear_category, desc, quantity, equipment_id) VALUES (30064771127, 'ink-1-ounce-bottle', 'Ink (1 ounce bottle)', 'standard_gear', X'6E756C6C', 0, 25769803881);
INSERT INTO gears (id, indx, name, gear_category, desc, quantity, equipment_id) VALUES (30064771128, 'ink-pen', 'Ink pen', 'standard_gear', X'6E756C6C', 0, 25769803882);
INSERT INTO gears (id, indx, name, gear_category, desc, quantity, equipment_id) VALUES (30064771129, 'jug-or-pitcher', 'Jug or pitcher', 'standard_gear', X'6E756C6C', 0, 25769803883);
INSERT INTO gears (id, indx, name, gear_category, desc, quantity, equipment_id) VALUES (30064771130, 'climbers-kit', 'Climber''s Kit', 'kits', X'6E756C6C', 0, 25769803884);
INSERT INTO gears (id, indx, name, gear_category, desc, quantity, equipment_id) VALUES (30064771131, 'disguise-kit', 'Disguise Kit', 'kits', X'6E756C6C', 0, 25769803885);
INSERT INTO gears (id, indx, name, gear_category, desc, quantity, equipment_id) VALUES (30064771132, 'forgery-kit', 'Forgery Kit', 'kits', X'6E756C6C', 0, 25769803886);
INSERT INTO gears (id, indx, name, gear_category, desc, quantity, equipment_id) VALUES (30064771133, 'herbalism-kit', 'Herbalism Kit', 'kits', X'6E756C6C', 0, 25769803887);
INSERT INTO gears (id, indx, name, gear_category, desc, quantity, equipment_id) VALUES (30064771134, 'healers-kit', 'Healer''s Kit', 'kits', X'6E756C6C', 0, 25769803888);
INSERT INTO gears (id, indx, name, gear_category, desc, quantity, equipment_id) VALUES (30064771135, 'mess-kit', 'Mess Kit', 'kits', X'6E756C6C', 0, 25769803889);
INSERT INTO gears (id, indx, name, gear_category, desc, quantity, equipment_id) VALUES (30064771136, 'poisoners-kit', 'Poisoner''s Kit', 'kits', X'6E756C6C', 0, 25769803890);
INSERT INTO gears (id, indx, name, gear_category, desc, quantity, equipment_id) VALUES (30064771137, 'ladder-10-foot', 'Ladder (10-foot)', 'standard_gear', X'6E756C6C', 0, 25769803891);
INSERT INTO gears (id, indx, name, gear_category, desc, quantity, equipment_id) VALUES (30064771138, 'lamp', 'Lamp', 'standard_gear', X'6E756C6C', 0, 25769803892);
INSERT INTO gears (id, indx, name, gear_category, desc, quantity, equipment_id) VALUES (30064771139, 'lantern-bullseye', 'Lantern, bullseye', 'standard_gear', X'6E756C6C', 0, 25769803893);
INSERT INTO gears (id, indx, name, gear_category, desc, quantity, equipment_id) VALUES (30064771140, 'lantern-hooded', 'Lantern, hooded', 'standard_gear', X'6E756C6C', 0, 25769803894);
INSERT INTO gears (id, indx, name, gear_category, desc, quantity, equipment_id) VALUES (30064771141, 'little-bag-of-sand', 'Little bag of sand', 'standard_gear', X'6E756C6C', 0, 25769803895);
INSERT INTO gears (id, indx, name, gear_category, desc, quantity, equipment_id) VALUES (30064771142, 'lock', 'Lock', 'standard_gear', X'6E756C6C', 0, 25769803896);
INSERT INTO gears (id, indx, name, gear_category, desc, quantity, equipment_id) VALUES (30064771143, 'magnifying-glass', 'Magnifying glass', 'standard_gear', X'6E756C6C', 0, 25769803897);
INSERT INTO gears (id, indx, name, gear_category, desc, quantity, equipment_id) VALUES (30064771144, 'manacles', 'Manacles', 'standard_gear', X'6E756C6C', 0, 25769803898);
INSERT INTO gears (id, indx, name, gear_category, desc, quantity, equipment_id) VALUES (30064771145, 'mirror-steel', 'Mirror, steel', 'standard_gear', X'6E756C6C', 0, 25769803899);
INSERT INTO gears (id, indx, name, gear_category, desc, quantity, equipment_id) VALUES (30064771146, 'oil-flask', 'Oil (flask)', 'standard_gear', X'6E756C6C', 0, 25769803900);
INSERT INTO gears (id, indx, name, gear_category, desc, quantity, equipment_id) VALUES (30064771147, 'paper-one-sheet', 'Paper (one sheet)', 'standard_gear', X'6E756C6C', 0, 25769803901);
INSERT INTO gears (id, indx, name, gear_category, desc, quantity, equipment_id) VALUES (30064771148, 'parchment-one-sheet', 'Parchment (one sheet)', 'standard_gear', X'6E756C6C', 0, 25769803902);
INSERT INTO gears (id, indx, name, gear_category, desc, quantity, equipment_id) VALUES (30064771149, 'perfume-vial', 'Perfume (vial)', 'standard_gear', X'6E756C6C', 0, 25769803903);
INSERT INTO gears (id, indx, name, gear_category, desc, quantity, equipment_id) VALUES (30064771150, 'pick-miners', 'Pick, miner''s', 'standard_gear', X'6E756C6C', 0, 25769803904);
INSERT INTO gears (id, indx, name, gear_category, desc, quantity, equipment_id) VALUES (30064771151, 'piton', 'Piton', 'standard_gear', X'6E756C6C', 0, 25769803905);
INSERT INTO gears (id, indx, name, gear_category, desc, quantity, equipment_id) VALUES (30064771152, 'poison-basic-vial', 'Poison, basic (vial)', 'standard_gear', X'6E756C6C', 0, 25769803906);
INSERT INTO gears (id, indx, name, gear_category, desc, quantity, equipment_id) VALUES (30064771153, 'pole-10-foot', 'Pole (10-foot)', 'standard_gear', X'6E756C6C', 0, 25769803907);
INSERT INTO gears (id, indx, name, gear_category, desc, quantity, equipment_id) VALUES (30064771154, 'pot-iron', 'Pot, iron', 'standard_gear', X'6E756C6C', 0, 25769803908);
INSERT INTO gears (id, indx, name, gear_category, desc, quantity, equipment_id) VALUES (30064771155, 'pouch', 'Pouch', 'standard_gear', X'6E756C6C', 0, 25769803909);
INSERT INTO gears (id, indx, name, gear_category, desc, quantity, equipment_id) VALUES (30064771156, 'quiver', 'Quiver', 'standard_gear', X'6E756C6C', 0, 25769803910);
INSERT INTO gears (id, indx, name, gear_category, desc, quantity, equipment_id) VALUES (30064771157, 'ram-portable', 'Ram, portable', 'standard_gear', X'6E756C6C', 0, 25769803911);
INSERT INTO gears (id, indx, name, gear_category, desc, quantity, equipment_id) VALUES (30064771158, 'rations-1-day', 'Rations (1 day)', 'standard_gear', X'6E756C6C', 0, 25769803912);
INSERT INTO gears (id, indx, name, gear_category, desc, quantity, equipment_id) VALUES (30064771159, 'reliquary', 'Reliquary', 'holy_symbols', X'6E756C6C', 0, 25769803913);
INSERT INTO gears (id, indx, name, gear_category, desc, quantity, equipment_id) VALUES (30064771160, 'robes', 'Robes', 'standard_gear', X'6E756C6C', 0, 25769803914);
INSERT INTO gears (id, indx, name, gear_category, desc, quantity, equipment_id) VALUES (30064771161, 'rope-hempen-50-feet', 'Rope, hempen (50 feet)', 'standard_gear', X'6E756C6C', 0, 25769803915);
INSERT INTO gears (id, indx, name, gear_category, desc, quantity, equipment_id) VALUES (30064771162, 'rope-silk-50-feet', 'Rope, silk (50 feet)', 'standard_gear', X'6E756C6C', 0, 25769803916);
INSERT INTO gears (id, indx, name, gear_category, desc, quantity, equipment_id) VALUES (30064771163, 'sack', 'Sack', 'standard_gear', X'6E756C6C', 0, 25769803917);
INSERT INTO gears (id, indx, name, gear_category, desc, quantity, equipment_id) VALUES (30064771164, 'scale-merchants', 'Scale, merchant''s', 'standard_gear', X'6E756C6C', 0, 25769803918);
INSERT INTO gears (id, indx, name, gear_category, desc, quantity, equipment_id) VALUES (30064771165, 'sealing-wax', 'Sealing wax', 'standard_gear', X'6E756C6C', 0, 25769803919);
INSERT INTO gears (id, indx, name, gear_category, desc, quantity, equipment_id) VALUES (30064771166, 'shovel', 'Shovel', 'standard_gear', X'6E756C6C', 0, 25769803920);
INSERT INTO gears (id, indx, name, gear_category, desc, quantity, equipment_id) VALUES (30064771167, 'signal-whistle', 'Signal whistle', 'standard_gear', X'6E756C6C', 0, 25769803921);
INSERT INTO gears (id, indx, name, gear_category, desc, quantity, equipment_id) VALUES (30064771168, 'signet-ring', 'Signet ring', 'standard_gear', X'6E756C6C', 0, 25769803922);
INSERT INTO gears (id, indx, name, gear_category, desc, quantity, equipment_id) VALUES (30064771169, 'small-knife', 'Small knife', 'standard_gear', X'6E756C6C', 0, 25769803923);
INSERT INTO gears (id, indx, name, gear_category, desc, quantity, equipment_id) VALUES (30064771170, 'soap', 'Soap', 'standard_gear', X'6E756C6C', 0, 25769803924);
INSERT INTO gears (id, indx, name, gear_category, desc, quantity, equipment_id) VALUES (30064771171, 'spellbook', 'Spellbook', 'standard_gear', X'6E756C6C', 0, 25769803925);
INSERT INTO gears (id, indx, name, gear_category, desc, quantity, equipment_id) VALUES (30064771172, 'spike-iron', 'Spike, iron', 'standard_gear', X'6E756C6C', 0, 25769803926);
INSERT INTO gears (id, indx, name, gear_category, desc, quantity, equipment_id) VALUES (30064771173, 'spyglass', 'Spyglass', 'standard_gear', X'6E756C6C', 0, 25769803927);
INSERT INTO gears (id, indx, name, gear_category, desc, quantity, equipment_id) VALUES (30064771174, 'string-10-feet', 'String (10 feet)', 'standard_gear', X'6E756C6C', 0, 25769803928);
INSERT INTO gears (id, indx, name, gear_category, desc, quantity, equipment_id) VALUES (30064771175, 'tent-two-person', 'Tent, two-person', 'standard_gear', X'6E756C6C', 0, 25769803929);
INSERT INTO gears (id, indx, name, gear_category, desc, quantity, equipment_id) VALUES (30064771176, 'tinderbox', 'Tinderbox', 'standard_gear', X'6E756C6C', 0, 25769803930);
INSERT INTO gears (id, indx, name, gear_category, desc, quantity, equipment_id) VALUES (30064771177, 'torch', 'Torch', 'standard_gear', X'6E756C6C', 0, 25769803931);
INSERT INTO gears (id, indx, name, gear_category, desc, quantity, equipment_id) VALUES (30064771178, 'vestments', 'Vestments', 'standard_gear', X'6E756C6C', 0, 25769803932);
INSERT INTO gears (id, indx, name, gear_category, desc, quantity, equipment_id) VALUES (30064771179, 'vial', 'Vial', 'standard_gear', X'6E756C6C', 0, 25769803933);
INSERT INTO gears (id, indx, name, gear_category, desc, quantity, equipment_id) VALUES (30064771180, 'waterskin', 'Waterskin', 'standard_gear', X'6E756C6C', 0, 25769803934);
INSERT INTO gears (id, indx, name, gear_category, desc, quantity, equipment_id) VALUES (30064771181, 'whetstone', 'Whetstone', 'standard_gear', X'6E756C6C', 0, 25769803935);
INSERT INTO gears (id, indx, name, gear_category, desc, quantity, equipment_id) VALUES (30064771182, 'burglars-pack', 'Burglar''s Pack', 'equipment_packs', X'6E756C6C', 0, 25769803936);
INSERT INTO gears (id, indx, name, gear_category, desc, quantity, equipment_id) VALUES (30064771183, 'diplomats-pack', 'Diplomat''s Pack', 'equipment_packs', X'6E756C6C', 0, 25769803937);
INSERT INTO gears (id, indx, name, gear_category, desc, quantity, equipment_id) VALUES (30064771184, 'dungeoneers-pack', 'Dungeoneer''s Pack', 'equipment_packs', X'6E756C6C', 0, 25769803938);
INSERT INTO gears (id, indx, name, gear_category, desc, quantity, equipment_id) VALUES (30064771185, 'entertainers-pack', 'Entertainer''s Pack', 'equipment_packs', X'6E756C6C', 0, 25769803939);
INSERT INTO gears (id, indx, name, gear_category, desc, quantity, equipment_id) VALUES (30064771186, 'explorers-pack', 'Explorer''s Pack', 'equipment_packs', X'6E756C6C', 0, 25769803940);
INSERT INTO gears (id, indx, name, gear_category, desc, quantity, equipment_id) VALUES (30064771187, 'priests-pack', 'Priest''s Pack', 'equipment_packs', X'6E756C6C', 0, 25769803941);
INSERT INTO gears (id, indx, name, gear_category, desc, quantity, equipment_id) VALUES (30064771188, 'scholars-pack', 'Scholar''s Pack', 'equipment_packs', X'6E756C6C', 0, 25769803942);

INSERT INTO languages (id, indx, name, desc, language_type, script) VALUES (34359738369, 'common', 'Common', '', 'STANDARD', 'Common');
INSERT INTO languages (id, indx, name, desc, language_type, script) VALUES (34359738370, 'dwarvish', 'Dwarvish', 'Dwarvish is full of hard consonants and guttural sounds.', 'STANDARD', 'Dwarvish');
INSERT INTO languages (id, indx, name, desc, language_type, script) VALUES (34359738371, 'elvish', 'Elvish', 'Elvish is fluid, with subtle intonations and intricate grammar. Elven literature is rich and varied, and their songs and poems are famous among other races. Many bards learn their language so they can add Elvish ballads to their repertoires.', 'STANDARD', 'Elvish');
INSERT INTO languages (id, indx, name, desc, language_type, script) VALUES (34359738372, 'giant', 'Giant', '', 'STANDARD', 'Dwarvish');
INSERT INTO languages (id, indx, name, desc, language_type, script) VALUES (34359738373, 'gnomish', 'Gnomish', 'The Gnomish language, which uses the Dwarvish script, is renowned for its technical treatises and its catalogs of knowledge about the natural world.', 'STANDARD', 'Dwarvish');
INSERT INTO languages (id, indx, name, desc, language_type, script) VALUES (34359738374, 'goblin', 'Goblin', '', 'STANDARD', 'Dwarvish');
INSERT INTO languages (id, indx, name, desc, language_type, script) VALUES (34359738375, 'halfling', 'Halfling', 'The Halfling language isn''t secret, but halflings are loath to share it with others. They write very little, so they don''t have a rich body of literature. Their oral tradition, however, is very strong.', 'STANDARD', 'Common');
INSERT INTO languages (id, indx, name, desc, language_type, script) VALUES (34359738376, 'orc', 'Orc', 'Orc is a harsh, grating language with hard consonants. It has no script of its own but is written in the Dwarvish script.', 'STANDARD', 'Dwarvish');
INSERT INTO languages (id, indx, name, desc, language_type, script) VALUES (34359738377, 'abyssal', 'Abyssal', '', 'EXOTIC', 'Infernal');
INSERT INTO languages (id, indx, name, desc, language_type, script) VALUES (34359738378, 'celestial', 'Celestial', '', 'EXOTIC', 'Celestial');
INSERT INTO languages (id, indx, name, desc, language_type, script) VALUES (34359738379, 'draconic', 'Draconic', 'Draconic is thought to be one of the oldest languages and is often used in the study of magic. The language sounds harsh to most other creatures and includes numerous hard consonants and sibilants.', 'EXOTIC', 'Draconic');
INSERT INTO languages (id, indx, name, desc, language_type, script) VALUES (34359738380, 'deep-speech', 'Deep Speech', 'An eerie tongue, Deep Speech is a clicking language with unsettling vocalizations that can almost sound like noise. Vibrating, creaking, and trembling sounds complement this mode of communication, making it hard for humanoid vocal cords to mimic.', 'EXOTIC', 'Other');
INSERT INTO languages (id, indx, name, desc, language_type, script) VALUES (34359738381, 'infernal', 'Infernal', '', 'EXOTIC', 'Infernal');
INSERT INTO languages (id, indx, name, desc, language_type, script) VALUES (34359738382, 'primordial', 'Primordial', '', 'EXOTIC', 'Dwarvish');
INSERT INTO languages (id, indx, name, desc, language_type, script) VALUES (34359738383, 'sylvan', 'Sylvan', '', 'EXOTIC', 'Elvish');
INSERT INTO languages (id, indx, name, desc, language_type, script) VALUES (34359738384, 'undercommon', 'Undercommon', '', 'EXOTIC', 'Elvish');

INSERT INTO race_languages (race_id, language_id) VALUES (42949672961, 34359738369);
INSERT INTO race_languages (race_id, language_id) VALUES (42949672961, 34359738370);
INSERT INTO race_languages (race_id, language_id) VALUES (42949672962, 34359738371);
INSERT INTO race_languages (race_id, language_id) VALUES (42949672962, 34359738369);
INSERT INTO race_languages (race_id, language_id) VALUES (42949672963, 34359738375);
INSERT INTO race_languages (race_id, language_id) VALUES (42949672963, 34359738369);
INSERT INTO race_languages (race_id, language_id) VALUES (42949672964, 34359738369);
INSERT INTO race_languages (race_id, language_id) VALUES (42949672965, 34359738369);
INSERT INTO race_languages (race_id, language_id) VALUES (42949672965, 34359738379);
INSERT INTO race_languages (race_id, language_id) VALUES (42949672966, 34359738369);
INSERT INTO race_languages (race_id, language_id) VALUES (42949672966, 34359738373);
INSERT INTO race_languages (race_id, language_id) VALUES (42949672967, 34359738369);
INSERT INTO race_languages (race_id, language_id) VALUES (42949672967, 34359738371);
INSERT INTO race_languages (race_id, language_id) VALUES (42949672968, 34359738369);
INSERT INTO race_languages (race_id, language_id) VALUES (42949672968, 34359738376);
INSERT INTO race_languages (race_id, language_id) VALUES (42949672969, 34359738369);
INSERT INTO race_languages (race_id, language_id) VALUES (42949672969, 34359738381);

INSERT INTO races (id, indx, name, speed) VALUES (42949672961, 'dwarf', 'Dwarf', 25);
INSERT INTO races (id, indx, name, speed) VALUES (42949672962, 'elf', 'Elf', 30);
INSERT INTO races (id, indx, name, speed) VALUES (42949672963, 'halfling', 'Halfling', 25);
INSERT INTO races (id, indx, name, speed) VALUES (42949672964, 'human', 'Human', 30);
INSERT INTO races (id, indx, name, speed) VALUES (42949672965, 'dragonborn', 'Dragonborn', 30);
INSERT INTO races (id, indx, name, speed) VALUES (42949672966, 'gnome', 'Gnome', 25);
INSERT INTO races (id, indx, name, speed) VALUES (42949672967, 'half-elf', 'Half-Elf', 30);
INSERT INTO races (id, indx, name, speed) VALUES (42949672968, 'half-orc', 'Half-Orc', 30);
INSERT INTO races (id, indx, name, speed) VALUES (42949672969, 'tiefling', 'Tiefling', 30);

INSERT INTO skills (id, indx, name, desc, skill_ability_score) VALUES (47244640257, 'acrobatics', 'Acrobatics', X'5B22596F75722044657874657269747920284163726F6261746963732920636865636B20636F7665727320796F757220617474656D707420746F2073746179206F6E20796F7572206665657420696E206120747269636B7920736974756174696F6E2C2073756368206173207768656E20796F7527726520747279696E6720746F2072756E206163726F73732061207368656574206F66206963652C2062616C616E6365206F6E2061207469676874726F70652C206F7220737461792075707269676874206F6E206120726F636B696E6720736869702773206465636B2E2054686520474D206D6967687420616C736F2063616C6C20666F7220612044657874657269747920284163726F6261746963732920636865636B20746F2073656520696620796F752063616E20706572666F726D206163726F6261746963207374756E74732C20696E636C7564696E672064697665732C20726F6C6C732C20736F6D65727361756C74732C20616E6420666C6970732E225D', 2);
INSERT INTO skills (id, indx, name, desc, skill_ability_score) VALUES (47244640258, 'animal-handling', 'Animal Handling', X'5B225768656E20746865726520697320616E79207175657374696F6E207768657468657220796F752063616E2063616C6D20646F776E206120646F6D65737469636174656420616E696D616C2C206B6565702061206D6F756E742066726F6D2067657474696E672073706F6F6B65642C206F7220696E7475697420616E20616E696D616C277320696E74656E74696F6E732C2074686520474D206D696768742063616C6C20666F72206120576973646F6D2028416E696D616C2048616E646C696E672920636865636B2E20596F7520616C736F206D616B65206120576973646F6D2028416E696D616C2048616E646C696E672920636865636B20746F20636F6E74726F6C20796F7572206D6F756E74207768656E20796F7520617474656D70742061207269736B79206D616E65757665722E225D', 5);
INSERT INTO skills (id, indx, name, desc, skill_ability_score) VALUES (47244640259, 'arcana', 'Arcana', X'5B22596F757220496E74656C6C6967656E63652028417263616E612920636865636B206D6561737572657320796F7572206162696C69747920746F20726563616C6C206C6F72652061626F7574207370656C6C732C206D61676963206974656D732C20656C6472697463682073796D626F6C732C206D61676963616C20747261646974696F6E732C2074686520706C616E6573206F66206578697374656E63652C20616E642074686520696E6861626974616E7473206F662074686F736520706C616E65732E225D', 4);
INSERT INTO skills (id, indx, name, desc, skill_ability_score) VALUES (47244640260, 'athletics', 'Athletics', X'5B22596F757220537472656E67746820284174686C65746963732920636865636B20636F7665727320646966666963756C7420736974756174696F6E7320796F7520656E636F756E746572207768696C6520636C696D62696E672C206A756D70696E672C206F72207377696D6D696E672E225D', 1);
INSERT INTO skills (id, indx, name, desc, skill_ability_score) VALUES (47244640261, 'deception', 'Deception', X'5B22596F7572204368617269736D612028446563657074696F6E2920636865636B2064657465726D696E6573207768657468657220796F752063616E20636F6E76696E63696E676C792068696465207468652074727574682C206569746865722076657262616C6C79206F72207468726F75676820796F757220616374696F6E732E205468697320646563657074696F6E2063616E20656E636F6D706173732065766572797468696E672066726F6D206D69736C656164696E67206F7468657273207468726F75676820616D6269677569747920746F2074656C6C696E67206F75747269676874206C6965732E205479706963616C20736974756174696F6E7320696E636C75646520747279696E6720746F20666173742D2074616C6B20612067756172642C20636F6E2061206D65726368616E742C206561726E206D6F6E6579207468726F7567682067616D626C696E672C207061737320796F757273656C66206F666620696E20612064697367756973652C2064756C6C20736F6D656F6E65277320737573706963696F6E7320776974682066616C7365206173737572616E6365732C206F72206D61696E7461696E20612073747261696768742066616365207768696C652074656C6C696E67206120626C6174616E74206C69652E225D', 6);
INSERT INTO skills (id, indx, name, desc, skill_ability_score) VALUES (47244640262, 'history', 'History', X'5B22596F757220496E74656C6C6967656E63652028486973746F72792920636865636B206D6561737572657320796F7572206162696C69747920746F20726563616C6C206C6F72652061626F757420686973746F726963616C206576656E74732C206C6567656E646172792070656F706C652C20616E6369656E74206B696E67646F6D732C20706173742064697370757465732C20726563656E7420776172732C20616E64206C6F737420636976696C697A6174696F6E732E225D', 4);
INSERT INTO skills (id, indx, name, desc, skill_ability_score) VALUES (47244640263, 'insight', 'Insight', X'5B22596F757220576973646F6D2028496E73696768742920636865636B2064656369646573207768657468657220796F752063616E2064657465726D696E6520746865207472756520696E74656E74696F6E73206F6620612063726561747572652C2073756368206173207768656E20736561726368696E67206F75742061206C6965206F722070726564696374696E6720736F6D656F6E652773206E657874206D6F76652E20446F696E6720736F20696E766F6C76657320676C65616E696E6720636C7565732066726F6D20626F6479206C616E67756167652C20737065656368206861626974732C20616E64206368616E67657320696E206D616E6E657269736D732E225D', 5);
INSERT INTO skills (id, indx, name, desc, skill_ability_score) VALUES (47244640264, 'intimidation', 'Intimidation', X'5B225768656E20796F7520617474656D707420746F20696E666C75656E636520736F6D656F6E65207468726F756768206F7665727420746872656174732C20686F7374696C6520616374696F6E732C20616E6420706879736963616C2076696F6C656E63652C2074686520474D206D696768742061736B20796F7520746F206D616B652061204368617269736D612028496E74696D69646174696F6E2920636865636B2E204578616D706C657320696E636C75646520747279696E6720746F2070727920696E666F726D6174696F6E206F7574206F66206120707269736F6E65722C20636F6E76696E63696E672073747265657420746875677320746F206261636B20646F776E2066726F6D206120636F6E66726F6E746174696F6E2C206F72207573696E67207468652065646765206F6620612062726F6B656E20626F74746C6520746F20636F6E76696E6365206120736E656572696E672076697A69657220746F207265636F6E73696465722061206465636973696F6E2E225D', 6);
INSERT INTO skills (id, indx, name, desc, skill_ability_score) VALUES (47244640265, 'investigation', 'Investigation', X'5B225768656E20796F75206C6F6F6B2061726F756E6420666F7220636C75657320616E64206D616B6520646564756374696F6E73206261736564206F6E2074686F736520636C7565732C20796F75206D616B6520616E20496E74656C6C6967656E63652028496E7665737469676174696F6E2920636865636B2E20596F75206D696768742064656475636520746865206C6F636174696F6E206F6620612068696464656E206F626A6563742C206469736365726E2066726F6D2074686520617070656172616E6365206F66206120776F756E642077686174206B696E64206F6620776561706F6E206465616C742069742C206F722064657465726D696E6520746865207765616B65737420706F696E7420696E20612074756E6E656C207468617420636F756C6420636175736520697420746F20636F6C6C617073652E20506F72696E67207468726F75676820616E6369656E74207363726F6C6C7320696E20736561726368206F6620612068696464656E20667261676D656E74206F66206B6E6F776C65646765206D6967687420616C736F2063616C6C20666F7220616E20496E74656C6C6967656E63652028496E7665737469676174696F6E2920636865636B2E225D', 4);
INSERT INTO skills (id, indx, name, desc, skill_ability_score) VALUES (47244640266, 'medicine', 'Medicine', X'5B224120576973646F6D20284D65646963696E652920636865636B206C65747320796F752074727920746F2073746162696C697A652061206479696E6720636F6D70616E696F6E206F7220646961676E6F736520616E20696C6C6E6573732E225D', 5);
INSERT INTO skills (id, indx, name, desc, skill_ability_score) VALUES (47244640267, 'nature', 'Nature', X'5B22596F757220496E74656C6C6967656E636520284E61747572652920636865636B206D6561737572657320796F7572206162696C69747920746F20726563616C6C206C6F72652061626F7574207465727261696E2C20706C616E747320616E6420616E696D616C732C2074686520776561746865722C20616E64206E61747572616C206379636C65732E225D', 4);
INSERT INTO skills (id, indx, name, desc, skill_ability_score) VALUES (47244640268, 'perception', 'Perception', X'5B22596F757220576973646F6D202850657263657074696F6E2920636865636B206C65747320796F752073706F742C20686561722C206F72206F746865727769736520646574656374207468652070726573656E6365206F6620736F6D657468696E672E204974206D6561737572657320796F75722067656E6572616C2061776172656E657373206F6620796F757220737572726F756E64696E677320616E6420746865206B65656E6E657373206F6620796F75722073656E7365732E20466F72206578616D706C652C20796F75206D696768742074727920746F2068656172206120636F6E766572736174696F6E207468726F756768206120636C6F73656420646F6F722C20656176657364726F7020756E64657220616E206F70656E2077696E646F772C206F722068656172206D6F6E7374657273206D6F76696E6720737465616C7468696C7920696E2074686520666F726573742E204F7220796F75206D696768742074727920746F2073706F74207468696E6773207468617420617265206F62736375726564206F72206561737920746F206D6973732C2077686574686572207468657920617265206F726373206C79696E6720696E20616D62757368206F6E206120726F61642C20746875677320686964696E6720696E2074686520736861646F7773206F6620616E20616C6C65792C206F722063616E646C656C6967687420756E646572206120636C6F7365642073656372657420646F6F722E225D', 5);
INSERT INTO skills (id, indx, name, desc, skill_ability_score) VALUES (47244640269, 'performance', 'Performance', X'5B22596F7572204368617269736D612028506572666F726D616E63652920636865636B2064657465726D696E657320686F772077656C6C20796F752063616E2064656C6967687420616E2061756469656E63652077697468206D757369632C2064616E63652C20616374696E672C2073746F727974656C6C696E672C206F7220736F6D65206F7468657220666F726D206F6620656E7465727461696E6D656E742E225D', 6);
INSERT INTO skills (id, indx, name, desc, skill_ability_score) VALUES (47244640270, 'persuasion', 'Persuasion', X'5B225768656E20796F7520617474656D707420746F20696E666C75656E636520736F6D656F6E65206F7220612067726F7570206F662070656F706C65207769746820746163742C20736F6369616C206772616365732C206F7220676F6F64206E61747572652C2074686520474D206D696768742061736B20796F7520746F206D616B652061204368617269736D61202850657273756173696F6E2920636865636B2E205479706963616C6C792C20796F75207573652070657273756173696F6E207768656E20616374696E6720696E20676F6F642066616974682C20746F20666F7374657220667269656E6473686970732C206D616B6520636F726469616C2072657175657374732C206F7220657868696269742070726F706572206574697175657474652E204578616D706C6573206F662070657273756164696E67206F746865727320696E636C75646520636F6E76696E63696E672061206368616D6265726C61696E20746F206C657420796F75722070617274792073656520746865206B696E672C206E65676F74696174696E67207065616365206265747765656E2077617272696E67207472696265732C206F7220696E73706972696E6720612063726F7764206F6620746F776E73666F6C6B2E225D', 6);
INSERT INTO skills (id, indx, name, desc, skill_ability_score) VALUES (47244640271, 'religion', 'Religion', X'5B22596F757220496E74656C6C6967656E6365202852656C6967696F6E2920636865636B206D6561737572657320796F7572206162696C69747920746F20726563616C6C206C6F72652061626F757420646569746965732C20726974657320616E6420707261796572732C2072656C6967696F75732068696572617263686965732C20686F6C792073796D626F6C732C20616E642074686520707261637469636573206F66207365637265742063756C74732E225D', 4);
INSERT INTO skills (id, indx, name, desc, skill_ability_score) VALUES (47244640272, 'sleight-of-hand', 'Sleight of Hand', X'5B225768656E6576657220796F7520617474656D707420616E20616374206F66206C6567657264656D61696E206F72206D616E75616C20747269636B6572792C207375636820617320706C616E74696E6720736F6D657468696E67206F6E20736F6D656F6E6520656C7365206F7220636F6E6365616C696E6720616E206F626A656374206F6E20796F757220706572736F6E2C206D616B652061204465787465726974792028536C6569676874206F662048616E642920636865636B2E2054686520474D206D6967687420616C736F2063616C6C20666F722061204465787465726974792028536C6569676874206F662048616E642920636865636B20746F2064657465726D696E65207768657468657220796F752063616E206C696674206120636F696E207075727365206F666620616E6F7468657220706572736F6E206F7220736C697020736F6D657468696E67206F7574206F6620616E6F7468657220706572736F6E277320706F636B65742E225D', 2);
INSERT INTO skills (id, indx, name, desc, skill_ability_score) VALUES (47244640273, 'stealth', 'Stealth', X'5B224D616B652061204465787465726974792028537465616C74682920636865636B207768656E20796F7520617474656D707420746F20636F6E6365616C20796F757273656C662066726F6D20656E656D6965732C20736C696E6B2070617374206775617264732C20736C6970206177617920776974686F7574206265696E67206E6F74696365642C206F7220736E65616B207570206F6E20736F6D656F6E6520776974686F7574206265696E67207365656E206F722068656172642E225D', 2);
INSERT INTO skills (id, indx, name, desc, skill_ability_score) VALUES (47244640274, 'survival', 'Survival', X'5B2254686520474D206D696768742061736B20796F7520746F206D616B65206120576973646F6D2028537572766976616C2920636865636B20746F20666F6C6C6F7720747261636B732C2068756E742077696C642067616D652C20677569646520796F75722067726F7570207468726F7567682066726F7A656E2077617374656C616E64732C206964656E74696679207369676E732074686174206F776C6265617273206C697665206E65617262792C20707265646963742074686520776561746865722C206F722061766F696420717569636B73616E6420616E64206F74686572206E61747572616C2068617A617264732E225D', 5);

INSERT INTO tools (id, indx, name, tool_category, equipment_id) VALUES (51539607553, 'alchemists-supplies', 'Alchemist''s Supplies', '', 25769803943);
INSERT INTO tools (id, indx, name, tool_category, equipment_id) VALUES (51539607554, 'brewers-supplies', 'Brewer''s Supplies', '', 25769803944);
INSERT INTO tools (id, indx, name, tool_category, equipment_id) VALUES (51539607555, 'calligraphers-supplies', 'Calligrapher''s Supplies', '', 25769803945);
INSERT INTO tools (id, indx, name, tool_category, equipment_id) VALUES (51539607556, 'carpenters-tools', 'Carpenter''s Tools', '', 25769803946);
INSERT INTO tools (id, indx, name, tool_category, equipment_id) VALUES (51539607557, 'cartographers-tools', 'Cartographer''s Tools', '', 25769803947);
INSERT INTO tools (id, indx, name, tool_category, equipment_id) VALUES (51539607558, 'cobblers-tools', 'Cobbler''s Tools', '', 25769803948);
INSERT INTO tools (id, indx, name, tool_category, equipment_id) VALUES (51539607559, 'cooks-utensils', 'Cook''s utensils', '', 25769803949);
INSERT INTO tools (id, indx, name, tool_category, equipment_id) VALUES (51539607560, 'glassblowers-tools', 'Glassblower''s Tools', '', 25769803950);
INSERT INTO tools (id, indx, name, tool_category, equipment_id) VALUES (51539607561, 'jewelers-tools', 'Jeweler''s Tools', '', 25769803951);
INSERT INTO tools (id, indx, name, tool_category, equipment_id) VALUES (51539607562, 'leatherworkers-tools', 'Leatherworker''s Tools', '', 25769803952);
INSERT INTO tools (id, indx, name, tool_category, equipment_id) VALUES (51539607563, 'masons-tools', 'Mason''s Tools', '', 25769803953);
INSERT INTO tools (id, indx, name, tool_category, equipment_id) VALUES (51539607564, 'painters-supplies', 'Painter''s Supplies', '', 25769803954);
INSERT INTO tools (id, indx, name, tool_category, equipment_id) VALUES (51539607565, 'potters-tools', 'Potter''s Tools', '', 25769803955);
INSERT INTO tools (id, indx, name, tool_category, equipment_id) VALUES (51539607566, 'smiths-tools', 'Smith''s Tools', '', 25769803956);
INSERT INTO tools (id, indx, name, tool_category, equipment_id) VALUES (51539607567, 'tinkers-tools', 'Tinker''s Tools', '', 25769803957);
INSERT INTO tools (id, indx, name, tool_category, equipment_id) VALUES (51539607568, 'weavers-tools', 'Weaver''s Tools', '', 25769803958);
INSERT INTO tools (id, indx, name, tool_category, equipment_id) VALUES (51539607569, 'woodcarvers-tools', 'Woodcarver''s Tools', '', 25769803959);
INSERT INTO tools (id, indx, name, tool_category, equipment_id) VALUES (51539607570, 'dice-set', 'Dice Set', '', 25769803960);
INSERT INTO tools (id, indx, name, tool_category, equipment_id) VALUES (51539607571, 'playing-card-set', 'Playing Card Set', '', 25769803961);
INSERT INTO tools (id, indx, name, tool_category, equipment_id) VALUES (51539607572, 'bagpipes', 'Bagpipes', '', 25769803962);
INSERT INTO tools (id, indx, name, tool_category, equipment_id) VALUES (51539607573, 'drum', 'Drum', '', 25769803963);
INSERT INTO tools (id, indx, name, tool_category, equipment_id) VALUES (51539607574, 'dulcimer', 'Dulcimer', '', 25769803964);
INSERT INTO tools (id, indx, name, tool_category, equipment_id) VALUES (51539607575, 'flute', 'Flute', '', 25769803965);
INSERT INTO tools (id, indx, name, tool_category, equipment_id) VALUES (51539607576, 'lute', 'Lute', '', 25769803966);
INSERT INTO tools (id, indx, name, tool_category, equipment_id) VALUES (51539607577, 'lyre', 'Lyre', '', 25769803967);
INSERT INTO tools (id, indx, name, tool_category, equipment_id) VALUES (51539607578, 'horn', 'Horn', '', 25769803968);
INSERT INTO tools (id, indx, name, tool_category, equipment_id) VALUES (51539607579, 'pan-flute', 'Pan flute', '', 25769803969);
INSERT INTO tools (id, indx, name, tool_category, equipment_id) VALUES (51539607580, 'shawm', 'Shawm', '', 25769803970);
INSERT INTO tools (id, indx, name, tool_category, equipment_id) VALUES (51539607581, 'viol', 'Viol', '', 25769803971);
INSERT INTO tools (id, indx, name, tool_category, equipment_id) VALUES (51539607582, 'navigators-tools', 'Navigator''s Tools', '', 25769803972);
INSERT INTO tools (id, indx, name, tool_category, equipment_id) VALUES (51539607583, 'thieves-tools', 'Thieves'' Tools', '', 25769803973);

INSERT INTO vehicles (id, indx, name, vehicle_category, capacity, equipment_id) VALUES (55834574849, 'camel', 'Camel', 'Mounts and Other Animals', '', 25769803974);
INSERT INTO vehicles (id, indx, name, vehicle_category, capacity, equipment_id) VALUES (55834574850, 'donkey', 'Donkey', 'Mounts and Other Animals', '', 25769803975);
INSERT INTO vehicles (id, indx, name, vehicle_category, capacity, equipment_id) VALUES (55834574851, 'mule', 'Mule', 'Mounts and Other Animals', '', 25769803976);
INSERT INTO vehicles (id, indx, name, vehicle_category, capacity, equipment_id) VALUES (55834574852, 'elephant', 'Elephant', 'Mounts and Other Animals', '', 25769803977);
INSERT INTO vehicles (id, indx, name, vehicle_category, capacity, equipment_id) VALUES (55834574853, 'horse-draft', 'Horse, draft', 'Mounts and Other Animals', '', 25769803978);
INSERT INTO vehicles (id, indx, name, vehicle_category, capacity, equipment_id) VALUES (55834574854, 'horse-riding', 'Horse, riding', 'Mounts and Other Animals', '', 25769803979);
INSERT INTO vehicles (id, indx, name, vehicle_category, capacity, equipment_id) VALUES (55834574855, 'mastiff', 'Mastiff', 'Mounts and Other Animals', '', 25769803980);
INSERT INTO vehicles (id, indx, name, vehicle_category, capacity, equipment_id) VALUES (55834574856, 'pony', 'Pony', 'Mounts and Other Animals', '', 25769803981);
INSERT INTO vehicles (id, indx, name, vehicle_category, capacity, equipment_id) VALUES (55834574857, 'warhorse', 'Warhorse', 'Mounts and Other Animals', '', 25769803982);
INSERT INTO vehicles (id, indx, name, vehicle_category, capacity, equipment_id) VALUES (55834574858, 'barding-padded', 'Barding: Padded', 'Tack, Harness, and Drawn Vehicles', '', 25769803983);
INSERT INTO vehicles (id, indx, name, vehicle_category, capacity, equipment_id) VALUES (55834574859, 'barding-leather', 'Barding: Leather', 'Tack, Harness, and Drawn Vehicles', '', 25769803984);
INSERT INTO vehicles (id, indx, name, vehicle_category, capacity, equipment_id) VALUES (55834574860, 'barding-studded-leather', 'Barding: Studded Leather', 'Tack, Harness, and Drawn Vehicles', '', 25769803985);
INSERT INTO vehicles (id, indx, name, vehicle_category, capacity, equipment_id) VALUES (55834574861, 'barding-hide', 'Barding: Hide', 'Tack, Harness, and Drawn Vehicles', '', 25769803986);
INSERT INTO vehicles (id, indx, name, vehicle_category, capacity, equipment_id) VALUES (55834574862, 'barding-chain-shirt', 'Barding: Chain shirt', 'Tack, Harness, and Drawn Vehicles', '', 25769803987);
INSERT INTO vehicles (id, indx, name, vehicle_category, capacity, equipment_id) VALUES (55834574863, 'barding-scale-mail', 'Barding: Scale mail', 'Tack, Harness, and Drawn Vehicles', '', 25769803988);
INSERT INTO vehicles (id, indx, name, vehicle_category, capacity, equipment_id) VALUES (55834574864, 'barding-breastplate', 'Barding: Breastplate', 'Tack, Harness, and Drawn Vehicles', '', 25769803989);
INSERT INTO vehicles (id, indx, name, vehicle_category, capacity, equipment_id) VALUES (55834574865, 'barding-half-plate', 'Barding: Half plate', 'Tack, Harness, and Drawn Vehicles', '', 25769803990);
INSERT INTO vehicles (id, indx, name, vehicle_category, capacity, equipment_id) VALUES (55834574866, 'barding-ring-mail', 'Barding: Ring mail', 'Tack, Harness, and Drawn Vehicles', '', 25769803991);
INSERT INTO vehicles (id, indx, name, vehicle_category, capacity, equipment_id) VALUES (55834574867, 'barding-chain-mail', 'Barding: Chain mail', 'Tack, Harness, and Drawn Vehicles', '', 25769803992);
INSERT INTO vehicles (id, indx, name, vehicle_category, capacity, equipment_id) VALUES (55834574868, 'barding-splint', 'Barding: Splint', 'Tack, Harness, and Drawn Vehicles', '', 25769803993);
INSERT INTO vehicles (id, indx, name, vehicle_category, capacity, equipment_id) VALUES (55834574869, 'barding-plate', 'Barding: Plate', 'Tack, Harness, and Drawn Vehicles', '', 25769803994);
INSERT INTO vehicles (id, indx, name, vehicle_category, capacity, equipment_id) VALUES (55834574870, 'bit-and-bridle', 'Bit and bridle', 'Tack, Harness, and Drawn Vehicles', '', 25769803995);
INSERT INTO vehicles (id, indx, name, vehicle_category, capacity, equipment_id) VALUES (55834574871, 'carriage', 'Carriage', 'Tack, Harness, and Drawn Vehicles', '', 25769803996);
INSERT INTO vehicles (id, indx, name, vehicle_category, capacity, equipment_id) VALUES (55834574872, 'cart', 'Cart', 'Tack, Harness, and Drawn Vehicles', '', 25769803997);
INSERT INTO vehicles (id, indx, name, vehicle_category, capacity, equipment_id) VALUES (55834574873, 'chariot', 'Chariot', 'Tack, Harness, and Drawn Vehicles', '', 25769803998);
INSERT INTO vehicles (id, indx, name, vehicle_category, capacity, equipment_id) VALUES (55834574874, 'animal-feed-1-day', 'Animal Feed (1 day)', 'Tack, Harness, and Drawn Vehicles', '', 25769803999);
INSERT INTO vehicles (id, indx, name, vehicle_category, capacity, equipment_id) VALUES (55834574875, 'saddle-exotic', 'Saddle, Exotic', 'Tack, Harness, and Drawn Vehicles', '', 25769804000);
INSERT INTO vehicles (id, indx, name, vehicle_category, capacity, equipment_id) VALUES (55834574876, 'saddle-military', 'Saddle, Military', 'Tack, Harness, and Drawn Vehicles', '', 25769804001);
INSERT INTO vehicles (id, indx, name, vehicle_category, capacity, equipment_id) VALUES (55834574877, 'saddle-pack', 'Saddle, Pack', 'Tack, Harness, and Drawn Vehicles', '', 25769804002);
INSERT INTO vehicles (id, indx, name, vehicle_category, capacity, equipment_id) VALUES (55834574878, 'saddle-riding', 'Saddle, Riding', 'Tack, Harness, and Drawn Vehicles', '', 25769804003);
INSERT INTO vehicles (id, indx, name, vehicle_category, capacity, equipment_id) VALUES (55834574879, 'saddlebags', 'Saddlebags', 'Tack, Harness, and Drawn Vehicles', '', 25769804004);
INSERT INTO vehicles (id, indx, name, vehicle_category, capacity, equipment_id) VALUES (55834574880, 'sled', 'Sled', 'Tack, Harness, and Drawn Vehicles', '', 25769804005);
INSERT INTO vehicles (id, indx, name, vehicle_category, capacity, equipment_id) VALUES (55834574881, 'stabling-1-day', 'Stabling (1 day)', 'Tack, Harness, and Drawn Vehicles', '', 25769804006);
INSERT INTO vehicles (id, indx, name, vehicle_category, capacity, equipment_id) VALUES (55834574882, 'wagon', 'Wagon', 'Tack, Harness, and Drawn Vehicles', '', 25769804007);
INSERT INTO vehicles (id, indx, name, vehicle_category, capacity, equipment_id) VALUES (55834574883, 'galley', 'Galley', 'Waterborne Vehicles', '', 25769804008);
INSERT INTO vehicles (id, indx, name, vehicle_category, capacity, equipment_id) VALUES (55834574884, 'keelboat', 'Keelboat', 'Waterborne Vehicles', '', 25769804009);
INSERT INTO vehicles (id, indx, name, vehicle_category, capacity, equipment_id) VALUES (55834574885, 'longship', 'Longship', 'Waterborne Vehicles', '', 25769804010);
INSERT INTO vehicles (id, indx, name, vehicle_category, capacity, equipment_id) VALUES (55834574886, 'rowboat', 'Rowboat', 'Waterborne Vehicles', '', 25769804011);
INSERT INTO vehicles (id, indx, name, vehicle_category, capacity, equipment_id) VALUES (55834574887, 'sailing-ship', 'Sailing ship', 'Waterborne Vehicles', '', 25769804012);
INSERT INTO vehicles (id, indx, name, vehicle_category, capacity, equipment_id) VALUES (55834574888, 'warship', 'Warship', 'Waterborne Vehicles', '', 25769804013);

INSERT INTO weapon_damages (dice, weapon_id, damage_type_id) VALUES ('1d4', 60129542145, 21474836482);
INSERT INTO weapon_damages (dice, weapon_id, damage_type_id) VALUES ('1d4', 60129542146, 21474836488);
INSERT INTO weapon_damages (dice, weapon_id, damage_type_id) VALUES ('1d8', 60129542147, 21474836482);
INSERT INTO weapon_damages (dice, weapon_id, damage_type_id) VALUES ('1d6', 60129542148, 21474836492);
INSERT INTO weapon_damages (dice, weapon_id, damage_type_id) VALUES ('1d6', 60129542149, 21474836488);
INSERT INTO weapon_damages (dice, weapon_id, damage_type_id) VALUES ('1d4', 60129542150, 21474836482);
INSERT INTO weapon_damages (dice, weapon_id, damage_type_id) VALUES ('1d6', 60129542151, 21474836482);
INSERT INTO weapon_damages (dice, weapon_id, damage_type_id) VALUES ('1d6', 60129542152, 21474836482);
INSERT INTO weapon_damages (dice, weapon_id, damage_type_id) VALUES ('1d4', 60129542153, 21474836492);
INSERT INTO weapon_damages (dice, weapon_id, damage_type_id) VALUES ('1d6', 60129542154, 21474836488);
INSERT INTO weapon_damages (dice, weapon_id, damage_type_id) VALUES ('1d8', 60129542155, 21474836488);
INSERT INTO weapon_damages (dice, weapon_id, damage_type_id) VALUES ('1d4', 60129542156, 21474836488);
INSERT INTO weapon_damages (dice, weapon_id, damage_type_id) VALUES ('1d6', 60129542157, 21474836488);
INSERT INTO weapon_damages (dice, weapon_id, damage_type_id) VALUES ('1d4', 60129542158, 21474836482);
INSERT INTO weapon_damages (dice, weapon_id, damage_type_id) VALUES ('1d8', 60129542159, 21474836492);
INSERT INTO weapon_damages (dice, weapon_id, damage_type_id) VALUES ('1d8', 60129542160, 21474836482);
INSERT INTO weapon_damages (dice, weapon_id, damage_type_id) VALUES ('1d10', 60129542161, 21474836492);
INSERT INTO weapon_damages (dice, weapon_id, damage_type_id) VALUES ('1d12', 60129542162, 21474836492);
INSERT INTO weapon_damages (dice, weapon_id, damage_type_id) VALUES ('2d6', 60129542163, 21474836492);
INSERT INTO weapon_damages (dice, weapon_id, damage_type_id) VALUES ('1d10', 60129542164, 21474836492);
INSERT INTO weapon_damages (dice, weapon_id, damage_type_id) VALUES ('1d12', 60129542165, 21474836488);
INSERT INTO weapon_damages (dice, weapon_id, damage_type_id) VALUES ('1d8', 60129542166, 21474836492);
INSERT INTO weapon_damages (dice, weapon_id, damage_type_id) VALUES ('2d6', 60129542167, 21474836482);
INSERT INTO weapon_damages (dice, weapon_id, damage_type_id) VALUES ('1d8', 60129542168, 21474836488);
INSERT INTO weapon_damages (dice, weapon_id, damage_type_id) VALUES ('1d10', 60129542169, 21474836488);
INSERT INTO weapon_damages (dice, weapon_id, damage_type_id) VALUES ('1d8', 60129542170, 21474836488);
INSERT INTO weapon_damages (dice, weapon_id, damage_type_id) VALUES ('1d6', 60129542171, 21474836492);
INSERT INTO weapon_damages (dice, weapon_id, damage_type_id) VALUES ('1d6', 60129542172, 21474836488);
INSERT INTO weapon_damages (dice, weapon_id, damage_type_id) VALUES ('1d6', 60129542173, 21474836492);
INSERT INTO weapon_damages (dice, weapon_id, damage_type_id) VALUES ('1d8', 60129542174, 21474836488);
INSERT INTO weapon_damages (dice, weapon_id, damage_type_id) VALUES ('1d8', 60129542175, 21474836482);
INSERT INTO weapon_damages (dice, weapon_id, damage_type_id) VALUES ('1d4', 60129542176, 21474836492);
INSERT INTO weapon_damages (dice, weapon_id, damage_type_id) VALUES ('1', 60129542177, 21474836488);
INSERT INTO weapon_damages (dice, weapon_id, damage_type_id) VALUES ('1d6', 60129542178, 21474836488);
INSERT INTO weapon_damages (dice, weapon_id, damage_type_id) VALUES ('1d10', 60129542179, 21474836488);
INSERT INTO weapon_damages (dice, weapon_id, damage_type_id) VALUES ('1d8', 60129542180, 21474836488);

-- Table: weapon_properties
CREATE TABLE IF NOT EXISTS weapon_properties (
    id   INTEGER NOT NULL
                 PRIMARY KEY AUTOINCREMENT,
    indx TEXT    NOT NULL,
    name TEXT    NOT NULL,
    desc JSON    NOT NULL
);

INSERT INTO weapon_properties (id, indx, name, desc) VALUES (64424509441, 'ammunition', 'Ammunition', X'5B22596F752063616E20757365206120776561706F6E2074686174206861732074686520616D6D756E6974696F6E2070726F706572747920746F206D616B6520612072616E6765642061747461636B206F6E6C7920696620796F75206861766520616D6D756E6974696F6E20746F20666972652066726F6D2074686520776561706F6E2E20456163682074696D6520796F752061747461636B20776974682074686520776561706F6E2C20796F7520657870656E64206F6E65207069656365206F6620616D6D756E6974696F6E2E2044726177696E672074686520616D6D756E6974696F6E2066726F6D2061207175697665722C20636173652C206F72206F7468657220636F6E7461696E65722069732070617274206F66207468652061747461636B2028796F75206E656564206120667265652068616E6420746F206C6F61642061206F6E652D68616E64656420776561706F6E292E222C2241742074686520656E64206F662074686520626174746C652C20796F752063616E207265636F7665722068616C6620796F757220657870656E64656420616D6D756E6974696F6E2062792074616B696E672061206D696E75746520746F207365617263682074686520626174746C656669656C642E20496620796F7520757365206120776561706F6E2074686174206861732074686520616D6D756E6974696F6E2070726F706572747920746F206D616B652061206D656C65652061747461636B2C20796F752074726561742074686520776561706F6E20617320616E20696D70726F766973656420776561706F6E2028736565205C22496D70726F766973656420576561706F6E735C22206C6174657220696E207468652073656374696F6E292E204120736C696E67206D757374206265206C6F6164656420746F206465616C20616E792064616D616765207768656E207573656420696E2074686973207761792E225D');
INSERT INTO weapon_properties (id, indx, name, desc) VALUES (64424509442, 'finesse', 'Finesse', X'5B225768656E206D616B696E6720616E2061747461636B207769746820612066696E6573736520776561706F6E2C20796F752075736520796F75722063686F696365206F6620796F757220537472656E677468206F7220446578746572697479206D6F64696669657220666F72207468652061747461636B20616E642064616D61676520726F6C6C732E20596F75206D75737420757365207468652073616D65206D6F64696669657220666F7220626F746820726F6C6C732E225D');
INSERT INTO weapon_properties (id, indx, name, desc) VALUES (64424509443, 'heavy', 'Heavy', X'5B22536D616C6C20637265617475726573206861766520646973616476616E74616765206F6E2061747461636B20726F6C6C73207769746820686561767920776561706F6E732E204120686561767920776561706F6E27732073697A6520616E642062756C6B206D616B6520697420746F6F206C6172676520666F72206120536D616C6C20637265617475726520746F20757365206566666563746976656C792E225D');
INSERT INTO weapon_properties (id, indx, name, desc) VALUES (64424509444, 'light', 'Light', X'5B2241206C6967687420776561706F6E20697320736D616C6C20616E64206561737920746F2068616E646C652C206D616B696E6720697420696465616C20666F7220757365207768656E206669676874696E6720776974682074776F20776561706F6E732E225D');
INSERT INTO weapon_properties (id, indx, name, desc) VALUES (64424509445, 'loading', 'Loading', X'5B2242656361757365206F66207468652074696D6520726571756972656420746F206C6F6164207468697320776561706F6E2C20796F752063616E2066697265206F6E6C79206F6E65207069656365206F6620616D6D756E6974696F6E2066726F6D206974207768656E20796F752075736520616E20616374696F6E2C20626F6E757320616374696F6E2C206F72207265616374696F6E20746F20666972652069742C207265676172646C657373206F6620746865206E756D626572206F662061747461636B7320796F752063616E206E6F726D616C6C79206D616B652E225D');
INSERT INTO weapon_properties (id, indx, name, desc) VALUES (64424509446, 'reach', 'Reach', X'5B225468697320776561706F6E20616464732035206665657420746F20796F7572207265616368207768656E20796F752061747461636B20776974682069742C2061732077656C6C206173207768656E2064657465726D696E696E6720796F757220726561636820666F72206F70706F7274756E6974792061747461636B7320776974682069742E225D');
INSERT INTO weapon_properties (id, indx, name, desc) VALUES (64424509447, 'special', 'Special', X'5B224120776561706F6E207769746820746865207370656369616C2070726F70657274792068617320756E757375616C2072756C657320676F7665726E696E6720697473207573652C206578706C61696E656420696E2074686520776561706F6E2773206465736372697074696F6E2028736565205C225370656369616C20576561706F6E735C22206C6174657220696E20746869732073656374696F6E292E225D');
INSERT INTO weapon_properties (id, indx, name, desc) VALUES (64424509448, 'thrown', 'Thrown', X'5B224966206120776561706F6E2068617320746865207468726F776E2070726F70657274792C20796F752063616E207468726F772074686520776561706F6E20746F206D616B6520612072616E6765642061747461636B2E2049662074686520776561706F6E2069732061206D656C656520776561706F6E2C20796F7520757365207468652073616D65206162696C697479206D6F64696669657220666F7220746861742061747461636B20726F6C6C20616E642064616D61676520726F6C6C207468617420796F7520776F756C642075736520666F722061206D656C65652061747461636B20776974682074686520776561706F6E2E20466F72206578616D706C652C20696620796F75207468726F7720612068616E646178652C20796F752075736520796F757220537472656E6774682C2062757420696620796F75207468726F772061206461676765722C20796F752063616E207573652065697468657220796F757220537472656E677468206F7220796F7572204465787465726974792C2073696E6365207468652064616767657220686173207468652066696E657373652070726F70657274792E225D');
INSERT INTO weapon_properties (id, indx, name, desc) VALUES (64424509449, 'two-handed', 'Two-Handed', X'5B225468697320776561706F6E2072657175697265732074776F2068616E6473207768656E20796F752061747461636B20776974682069742E225D');
INSERT INTO weapon_properties (id, indx, name, desc) VALUES (64424509450, 'versatile', 'Versatile', X'5B225468697320776561706F6E2063616E20626520757365642077697468206F6E65206F722074776F2068616E64732E20412064616D6167652076616C756520696E20706172656E74686573657320617070656172732077697468207468652070726F70657274792D2D7468652064616D616765207768656E2074686520776561706F6E206973207573656420776974682074776F2068616E647320746F206D616B652061206D656C65652061747461636B2E225D');
INSERT INTO weapon_properties (id, indx, name, desc) VALUES (64424509451, 'monk', 'Monk', X'5B224D6F6E6B73206761696E207365766572616C2062656E6566697473207768696C6520756E61726D6564206F72207769656C64696E67206F6E6C79206D6F6E6B20776561706F6E73207768696C652074686579206172656E27742077656172696E672061726D6F72206F72207769656C64696E6720736869656C64732E225D');

INSERT INTO weapon_weapon_properties (weapon_id, weapon_property_id) VALUES (60129542145, 64424509444);
INSERT INTO weapon_weapon_properties (weapon_id, weapon_property_id) VALUES (60129542145, 64424509451);
INSERT INTO weapon_weapon_properties (weapon_id, weapon_property_id) VALUES (60129542146, 64424509448);
INSERT INTO weapon_weapon_properties (weapon_id, weapon_property_id) VALUES (60129542146, 64424509451);
INSERT INTO weapon_weapon_properties (weapon_id, weapon_property_id) VALUES (60129542146, 64424509442);
INSERT INTO weapon_weapon_properties (weapon_id, weapon_property_id) VALUES (60129542146, 64424509444);
INSERT INTO weapon_weapon_properties (weapon_id, weapon_property_id) VALUES (60129542147, 64424509449);
INSERT INTO weapon_weapon_properties (weapon_id, weapon_property_id) VALUES (60129542148, 64424509444);
INSERT INTO weapon_weapon_properties (weapon_id, weapon_property_id) VALUES (60129542148, 64424509448);
INSERT INTO weapon_weapon_properties (weapon_id, weapon_property_id) VALUES (60129542148, 64424509451);
INSERT INTO weapon_weapon_properties (weapon_id, weapon_property_id) VALUES (60129542149, 64424509451);
INSERT INTO weapon_weapon_properties (weapon_id, weapon_property_id) VALUES (60129542149, 64424509448);
INSERT INTO weapon_weapon_properties (weapon_id, weapon_property_id) VALUES (60129542150, 64424509444);
INSERT INTO weapon_weapon_properties (weapon_id, weapon_property_id) VALUES (60129542150, 64424509448);
INSERT INTO weapon_weapon_properties (weapon_id, weapon_property_id) VALUES (60129542150, 64424509451);
INSERT INTO weapon_weapon_properties (weapon_id, weapon_property_id) VALUES (60129542151, 64424509451);
INSERT INTO weapon_weapon_properties (weapon_id, weapon_property_id) VALUES (60129542152, 64424509450);
INSERT INTO weapon_weapon_properties (weapon_id, weapon_property_id) VALUES (60129542152, 64424509451);
INSERT INTO weapon_weapon_properties (weapon_id, weapon_property_id) VALUES (60129542153, 64424509444);
INSERT INTO weapon_weapon_properties (weapon_id, weapon_property_id) VALUES (60129542153, 64424509451);
INSERT INTO weapon_weapon_properties (weapon_id, weapon_property_id) VALUES (60129542154, 64424509448);
INSERT INTO weapon_weapon_properties (weapon_id, weapon_property_id) VALUES (60129542154, 64424509450);
INSERT INTO weapon_weapon_properties (weapon_id, weapon_property_id) VALUES (60129542154, 64424509451);
INSERT INTO weapon_weapon_properties (weapon_id, weapon_property_id) VALUES (60129542155, 64424509441);
INSERT INTO weapon_weapon_properties (weapon_id, weapon_property_id) VALUES (60129542155, 64424509445);
INSERT INTO weapon_weapon_properties (weapon_id, weapon_property_id) VALUES (60129542155, 64424509449);
INSERT INTO weapon_weapon_properties (weapon_id, weapon_property_id) VALUES (60129542156, 64424509442);
INSERT INTO weapon_weapon_properties (weapon_id, weapon_property_id) VALUES (60129542156, 64424509448);
INSERT INTO weapon_weapon_properties (weapon_id, weapon_property_id) VALUES (60129542157, 64424509441);
INSERT INTO weapon_weapon_properties (weapon_id, weapon_property_id) VALUES (60129542157, 64424509449);
INSERT INTO weapon_weapon_properties (weapon_id, weapon_property_id) VALUES (60129542158, 64424509441);
INSERT INTO weapon_weapon_properties (weapon_id, weapon_property_id) VALUES (60129542159, 64424509450);
INSERT INTO weapon_weapon_properties (weapon_id, weapon_property_id) VALUES (60129542161, 64424509446);
INSERT INTO weapon_weapon_properties (weapon_id, weapon_property_id) VALUES (60129542161, 64424509449);
INSERT INTO weapon_weapon_properties (weapon_id, weapon_property_id) VALUES (60129542161, 64424509443);
INSERT INTO weapon_weapon_properties (weapon_id, weapon_property_id) VALUES (60129542162, 64424509443);
INSERT INTO weapon_weapon_properties (weapon_id, weapon_property_id) VALUES (60129542162, 64424509449);
INSERT INTO weapon_weapon_properties (weapon_id, weapon_property_id) VALUES (60129542163, 64424509449);
INSERT INTO weapon_weapon_properties (weapon_id, weapon_property_id) VALUES (60129542163, 64424509443);
INSERT INTO weapon_weapon_properties (weapon_id, weapon_property_id) VALUES (60129542164, 64424509446);
INSERT INTO weapon_weapon_properties (weapon_id, weapon_property_id) VALUES (60129542164, 64424509449);
INSERT INTO weapon_weapon_properties (weapon_id, weapon_property_id) VALUES (60129542164, 64424509443);
INSERT INTO weapon_weapon_properties (weapon_id, weapon_property_id) VALUES (60129542165, 64424509446);
INSERT INTO weapon_weapon_properties (weapon_id, weapon_property_id) VALUES (60129542165, 64424509447);
INSERT INTO weapon_weapon_properties (weapon_id, weapon_property_id) VALUES (60129542166, 64424509450);
INSERT INTO weapon_weapon_properties (weapon_id, weapon_property_id) VALUES (60129542167, 64424509443);
INSERT INTO weapon_weapon_properties (weapon_id, weapon_property_id) VALUES (60129542167, 64424509449);
INSERT INTO weapon_weapon_properties (weapon_id, weapon_property_id) VALUES (60129542169, 64424509443);
INSERT INTO weapon_weapon_properties (weapon_id, weapon_property_id) VALUES (60129542169, 64424509446);
INSERT INTO weapon_weapon_properties (weapon_id, weapon_property_id) VALUES (60129542169, 64424509449);
INSERT INTO weapon_weapon_properties (weapon_id, weapon_property_id) VALUES (60129542170, 64424509442);
INSERT INTO weapon_weapon_properties (weapon_id, weapon_property_id) VALUES (60129542171, 64424509442);
INSERT INTO weapon_weapon_properties (weapon_id, weapon_property_id) VALUES (60129542171, 64424509444);
INSERT INTO weapon_weapon_properties (weapon_id, weapon_property_id) VALUES (60129542172, 64424509442);
INSERT INTO weapon_weapon_properties (weapon_id, weapon_property_id) VALUES (60129542172, 64424509444);
INSERT INTO weapon_weapon_properties (weapon_id, weapon_property_id) VALUES (60129542172, 64424509451);
INSERT INTO weapon_weapon_properties (weapon_id, weapon_property_id) VALUES (60129542173, 64424509448);
INSERT INTO weapon_weapon_properties (weapon_id, weapon_property_id) VALUES (60129542173, 64424509450);
INSERT INTO weapon_weapon_properties (weapon_id, weapon_property_id) VALUES (60129542175, 64424509450);
INSERT INTO weapon_weapon_properties (weapon_id, weapon_property_id) VALUES (60129542176, 64424509442);
INSERT INTO weapon_weapon_properties (weapon_id, weapon_property_id) VALUES (60129542176, 64424509446);
INSERT INTO weapon_weapon_properties (weapon_id, weapon_property_id) VALUES (60129542177, 64424509441);
INSERT INTO weapon_weapon_properties (weapon_id, weapon_property_id) VALUES (60129542177, 64424509445);
INSERT INTO weapon_weapon_properties (weapon_id, weapon_property_id) VALUES (60129542178, 64424509441);
INSERT INTO weapon_weapon_properties (weapon_id, weapon_property_id) VALUES (60129542178, 64424509444);
INSERT INTO weapon_weapon_properties (weapon_id, weapon_property_id) VALUES (60129542178, 64424509445);
INSERT INTO weapon_weapon_properties (weapon_id, weapon_property_id) VALUES (60129542179, 64424509441);
INSERT INTO weapon_weapon_properties (weapon_id, weapon_property_id) VALUES (60129542179, 64424509443);
INSERT INTO weapon_weapon_properties (weapon_id, weapon_property_id) VALUES (60129542179, 64424509445);
INSERT INTO weapon_weapon_properties (weapon_id, weapon_property_id) VALUES (60129542179, 64424509449);
INSERT INTO weapon_weapon_properties (weapon_id, weapon_property_id) VALUES (60129542180, 64424509441);
INSERT INTO weapon_weapon_properties (weapon_id, weapon_property_id) VALUES (60129542180, 64424509443);
INSERT INTO weapon_weapon_properties (weapon_id, weapon_property_id) VALUES (60129542180, 64424509449);
INSERT INTO weapon_weapon_properties (weapon_id, weapon_property_id) VALUES (60129542181, 64424509448);
INSERT INTO weapon_weapon_properties (weapon_id, weapon_property_id) VALUES (60129542181, 64424509447);

INSERT INTO weapons (id, indx, name, weapon_range, equipment_id, weapon_category) VALUES (60129542145, 'club', 'Club', 'Melee', 25769803777, 'Simple');
INSERT INTO weapons (id, indx, name, weapon_range, equipment_id, weapon_category) VALUES (60129542146, 'dagger', 'Dagger', 'Melee', 25769803778, 'Simple');
INSERT INTO weapons (id, indx, name, weapon_range, equipment_id, weapon_category) VALUES (60129542147, 'greatclub', 'Greatclub', 'Melee', 25769803779, 'Simple');
INSERT INTO weapons (id, indx, name, weapon_range, equipment_id, weapon_category) VALUES (60129542148, 'handaxe', 'Handaxe', 'Melee', 25769803780, 'Simple');
INSERT INTO weapons (id, indx, name, weapon_range, equipment_id, weapon_category) VALUES (60129542149, 'javelin', 'Javelin', 'Melee', 25769803781, 'Simple');
INSERT INTO weapons (id, indx, name, weapon_range, equipment_id, weapon_category) VALUES (60129542150, 'light-hammer', 'Light hammer', 'Melee', 25769803782, 'Simple');
INSERT INTO weapons (id, indx, name, weapon_range, equipment_id, weapon_category) VALUES (60129542151, 'mace', 'Mace', 'Melee', 25769803783, 'Simple');
INSERT INTO weapons (id, indx, name, weapon_range, equipment_id, weapon_category) VALUES (60129542152, 'quarterstaff', 'Quarterstaff', 'Melee', 25769803784, 'Simple');
INSERT INTO weapons (id, indx, name, weapon_range, equipment_id, weapon_category) VALUES (60129542153, 'sickle', 'Sickle', 'Melee', 25769803785, 'Simple');
INSERT INTO weapons (id, indx, name, weapon_range, equipment_id, weapon_category) VALUES (60129542154, 'spear', 'Spear', 'Melee', 25769803786, 'Simple');
INSERT INTO weapons (id, indx, name, weapon_range, equipment_id, weapon_category) VALUES (60129542155, 'crossbow-light', 'Crossbow, light', 'Ranged', 25769803787, 'Simple');
INSERT INTO weapons (id, indx, name, weapon_range, equipment_id, weapon_category) VALUES (60129542156, 'dart', 'Dart', 'Ranged', 25769803788, 'Simple');
INSERT INTO weapons (id, indx, name, weapon_range, equipment_id, weapon_category) VALUES (60129542157, 'shortbow', 'Shortbow', 'Ranged', 25769803789, 'Simple');
INSERT INTO weapons (id, indx, name, weapon_range, equipment_id, weapon_category) VALUES (60129542158, 'sling', 'Sling', 'Ranged', 25769803790, 'Simple');
INSERT INTO weapons (id, indx, name, weapon_range, equipment_id, weapon_category) VALUES (60129542159, 'battleaxe', 'Battleaxe', 'Melee', 25769803791, 'Martial');
INSERT INTO weapons (id, indx, name, weapon_range, equipment_id, weapon_category) VALUES (60129542160, 'flail', 'Flail', 'Melee', 25769803792, 'Martial');
INSERT INTO weapons (id, indx, name, weapon_range, equipment_id, weapon_category) VALUES (60129542161, 'glaive', 'Glaive', 'Melee', 25769803793, 'Martial');
INSERT INTO weapons (id, indx, name, weapon_range, equipment_id, weapon_category) VALUES (60129542162, 'greataxe', 'Greataxe', 'Melee', 25769803794, 'Martial');
INSERT INTO weapons (id, indx, name, weapon_range, equipment_id, weapon_category) VALUES (60129542163, 'greatsword', 'Greatsword', 'Melee', 25769803795, 'Martial');
INSERT INTO weapons (id, indx, name, weapon_range, equipment_id, weapon_category) VALUES (60129542164, 'halberd', 'Halberd', 'Melee', 25769803796, 'Martial');
INSERT INTO weapons (id, indx, name, weapon_range, equipment_id, weapon_category) VALUES (60129542165, 'lance', 'Lance', 'Melee', 25769803797, 'Martial');
INSERT INTO weapons (id, indx, name, weapon_range, equipment_id, weapon_category) VALUES (60129542166, 'longsword', 'Longsword', 'Melee', 25769803798, 'Martial');
INSERT INTO weapons (id, indx, name, weapon_range, equipment_id, weapon_category) VALUES (60129542167, 'maul', 'Maul', 'Melee', 25769803799, 'Martial');
INSERT INTO weapons (id, indx, name, weapon_range, equipment_id, weapon_category) VALUES (60129542168, 'morningstar', 'Morningstar', 'Melee', 25769803800, 'Martial');
INSERT INTO weapons (id, indx, name, weapon_range, equipment_id, weapon_category) VALUES (60129542169, 'pike', 'Pike', 'Melee', 25769803801, 'Martial');
INSERT INTO weapons (id, indx, name, weapon_range, equipment_id, weapon_category) VALUES (60129542170, 'rapier', 'Rapier', 'Melee', 25769803802, 'Martial');
INSERT INTO weapons (id, indx, name, weapon_range, equipment_id, weapon_category) VALUES (60129542171, 'scimitar', 'Scimitar', 'Melee', 25769803803, 'Martial');
INSERT INTO weapons (id, indx, name, weapon_range, equipment_id, weapon_category) VALUES (60129542172, 'shortsword', 'Shortsword', 'Melee', 25769803804, 'Martial');
INSERT INTO weapons (id, indx, name, weapon_range, equipment_id, weapon_category) VALUES (60129542173, 'trident', 'Trident', 'Melee', 25769803805, 'Martial');
INSERT INTO weapons (id, indx, name, weapon_range, equipment_id, weapon_category) VALUES (60129542174, 'war-pick', 'War pick', 'Melee', 25769803806, 'Martial');
INSERT INTO weapons (id, indx, name, weapon_range, equipment_id, weapon_category) VALUES (60129542175, 'warhammer', 'Warhammer', 'Melee', 25769803807, 'Martial');
INSERT INTO weapons (id, indx, name, weapon_range, equipment_id, weapon_category) VALUES (60129542176, 'whip', 'Whip', 'Melee', 25769803808, 'Martial');
INSERT INTO weapons (id, indx, name, weapon_range, equipment_id, weapon_category) VALUES (60129542177, 'blowgun', 'Blowgun', 'Ranged', 25769803809, 'Martial');
INSERT INTO weapons (id, indx, name, weapon_range, equipment_id, weapon_category) VALUES (60129542178, 'crossbow-hand', 'Crossbow, hand', 'Ranged', 25769803810, 'Martial');
INSERT INTO weapons (id, indx, name, weapon_range, equipment_id, weapon_category) VALUES (60129542179, 'crossbow-heavy', 'Crossbow, heavy', 'Ranged', 25769803811, 'Martial');
INSERT INTO weapons (id, indx, name, weapon_range, equipment_id, weapon_category) VALUES (60129542180, 'longbow', 'Longbow', 'Ranged', 25769803812, 'Martial');
INSERT INTO weapons (id, indx, name, weapon_range, equipment_id, weapon_category) VALUES (60129542181, 'net', 'Net', 'Ranged', 25769803813, 'Martial');

PRAGMA foreign_keys = on;
